Creator_ID,Creator_Name,Platform,Content_Category,Country,Followers,Total_Posts,Posting_Frequency_Per_Week,Average_Views,Average_Likes,Average_Comments,Average_Shares,Engagement_Rate_Percent,Monthly_Growth_Rate_Percent,Estimated_Monthly_Revenue_USD
CR0001,Creator_0001,YouTube,Food,Australia,27741,405,11.8,59944,2090,148,155,7.45,0.94,252.2
CR0002,Creator_0002,Facebook,Beauty,USA,51943,637,26.7,124358,2063,69,84,5.56,1.15,426.97
CR0003,Creator_0003,TikTok,Food,India,24400,811,5.4,54305,1060,81,84,4.55,-0.57,115.25
CR0004,Creator_0004,TikTok,Fitness,India,6439,791,5.4,9110,513,31,20,7.31,7.41,50.0
CR0005,Creator_0005,Instagram,Fashion,UAE,8904,127,10.5,9843,362,31,19,3.27,6.64,55.21
CR0006,Creator_0006,Instagram,Travel,Canada,69946,550,2.6,50671,1027,111,17,1.43,2.65,318.38
CR0007,Creator_0007,Instagram,Fitness,India,133431,429,6.3,165544,5073,309,212,4.36,10.83,734.12
CR0008,Creator_0008,X,Comedy,India,103940,990,29.0,121572,4883,239,130,5.98,3.18,644.38
CR0009,Creator_0009,TikTok,Comedy,India,35135,315,13.4,55341,2923,62,200,7.09,9.99,174.85
CR0010,Creator_0010,TikTok,Food,Canada,6743,837,19.3,12121,458,35,29,5.97,5.93,50.0
CR0011,Creator_0011,Instagram,Lifestyle,UAE,26707,190,22.1,65551,1401,84,94,6.64,3.13,210.0
CR0012,Creator_0012,Facebook,Gaming,India,162201,350,11.6,312984,8871,509,538,7.1,5.1,1748.75
CR0013,Creator_0013,X,Lifestyle,India,54789,512,5.3,95983,2394,91,163,4.05,1.11,292.2
CR0014,Creator_0014,Instagram,Education,India,21192,214,7.0,23389,794,50,19,4.47,6.26,97.18
CR0015,Creator_0015,Instagram,Lifestyle,Brazil,55432,31,10.1,26189,3526,417,146,7.63,5.61,291.15
CR0016,Creator_0016,Instagram,Education,India,6249,214,19.4,6280,99,5,5,2.14,7.35,50.0
CR0017,Creator_0017,Instagram,Education,UAE,12088,509,12.6,24342,560,44,30,5.74,8.58,95.12
CR0018,Creator_0018,YouTube,Travel,UK,7732,814,1.2,6425,225,21,13,3.22,5.9,50.0
CR0019,Creator_0019,YouTube,Fashion,USA,46166,900,16.2,87512,3632,344,93,7.22,0.33,424.33
CR0020,Creator_0020,Instagram,Travel,India,61158,201,27.7,98925,2479,131,41,4.76,8.76,529.02
CR0021,Creator_0021,TikTok,Education,India,22541,981,24.6,17151,920,74,68,4.82,5.55,115.28
CR0022,Creator_0022,Instagram,Fitness,UK,9858,836,24.9,9359,695,74,34,8.6,-1.13,56.12
CR0023,Creator_0023,Instagram,Comedy,UAE,26299,675,24.1,37929,598,12,12,2.43,6.58,88.52
CR0024,Creator_0024,YouTube,Education,Canada,15374,917,10.4,19656,614,39,40,5.27,6.85,132.32
CR0025,Creator_0025,YouTube,Travel,USA,10768,335,23.2,21912,446,18,33,4.4,4.25,57.32
CR0026,Creator_0026,TikTok,Fitness,India,39729,713,5.2,77163,2543,149,55,5.97,4.81,295.81
CR0027,Creator_0027,Instagram,Travel,Brazil,11252,49,20.1,18077,679,41,45,9.04,3.42,50.0
CR0028,Creator_0028,YouTube,Lifestyle,UAE,4441,615,19.6,9445,101,9,7,3.47,6.96,50.0
CR0029,Creator_0029,TikTok,Beauty,India,5734,697,1.7,9068,86,5,6,2.17,5.99,50.0
CR0030,Creator_0030,Instagram,Food,Brazil,4256,815,23.9,10321,124,8,9,3.02,2.32,50.0
CR0031,Creator_0031,TikTok,Gaming,UK,35761,812,27.2,30617,1783,136,86,4.29,11.16,92.17
CR0032,Creator_0032,Instagram,Travel,UK,31983,115,8.8,60757,1031,71,36,4.94,3.17,283.64
CR0033,Creator_0033,Instagram,Gaming,Australia,30200,400,24.6,35541,1848,172,19,5.05,-3.97,245.8
CR0034,Creator_0034,Facebook,Tech,UAE,52885,797,3.4,52135,3310,193,47,8.77,3.85,370.67
CR0035,Creator_0035,Facebook,Travel,Canada,105953,463,18.4,82517,10244,1172,409,8.37,9.11,346.37
CR0036,Creator_0036,X,Beauty,India,13614,317,15.1,21241,981,66,37,7.67,4.78,107.53
CR0037,Creator_0037,Instagram,Gaming,India,42935,827,16.8,36601,4637,357,106,10.33,-0.22,164.88
CR0038,Creator_0038,Instagram,Education,France,4374,756,27.9,3589,276,28,10,6.61,1.9,50.0
CR0039,Creator_0039,TikTok,Travel,India,131336,864,26.3,325728,8902,423,197,7.24,1.72,1101.23
CR0040,Creator_0040,YouTube,Fashion,USA,6428,380,23.8,13393,486,13,33,6.57,3.49,50.0
CR0041,Creator_0041,Instagram,Food,USA,11889,393,8.9,23437,814,73,25,6.21,4.58,97.62
CR0042,Creator_0042,YouTube,Beauty,USA,13529,573,27.4,27971,721,49,37,5.67,7.23,79.03
CR0043,Creator_0043,Instagram,Gaming,UK,4650,322,3.8,11321,131,14,5,3.93,5.95,50.0
CR0044,Creator_0044,Facebook,Beauty,France,27930,440,25.7,44796,413,48,5,2.06,6.12,170.4
CR0045,Creator_0045,Instagram,Fitness,India,34406,265,10.5,29675,1754,105,133,4.51,11.73,107.57
CR0046,Creator_0046,TikTok,Food,India,21637,739,2.6,47831,1264,77,59,6.04,8.51,246.57
CR0047,Creator_0047,Instagram,Education,India,4576,256,20.4,8967,213,12,6,4.96,8.2,50.0
CR0048,Creator_0048,YouTube,Travel,Germany,263259,553,7.7,334351,6853,359,144,2.46,-0.85,1846.44
CR0049,Creator_0049,YouTube,Travel,Canada,50595,204,8.1,70554,2617,256,88,4.44,2.87,310.26
CR0050,Creator_0050,Instagram,Travel,India,556462,487,9.9,703162,24696,2368,282,4.32,-0.09,3257.65
CR0051,Creator_0051,Facebook,Food,UAE,10658,773,2.8,25076,550,37,19,4.66,2.81,73.69
CR0052,Creator_0052,TikTok,Fashion,Germany,80948,382,6.1,90776,5279,129,249,5.88,8.28,453.67
CR0053,Creator_0053,Facebook,Tech,Singapore,65917,302,1.1,159737,3615,184,256,6.35,4.13,585.14
CR0054,Creator_0054,Facebook,Comedy,France,19261,572,13.9,44523,580,28,33,3.7,9.25,183.84
CR0055,Creator_0055,TikTok,Lifestyle,India,136312,355,3.4,235014,10727,1084,191,6.96,7.93,1019.03
CR0056,Creator_0056,Facebook,Gaming,Australia,16878,181,20.8,27302,1078,31,21,7.29,5.68,50.0
CR0057,Creator_0057,Instagram,Fashion,USA,17764,179,7.8,20911,1164,117,46,5.5,9.34,62.98
CR0058,Creator_0058,Instagram,Education,Singapore,1000,493,28.4,438,43,5,2,6.26,10.28,50.0
CR0059,Creator_0059,Instagram,Gaming,Australia,43061,620,26.3,28765,2055,191,24,6.97,7.09,281.42
CR0060,Creator_0060,YouTube,Travel,UAE,5858,341,9.4,11621,168,10,11,2.39,6.3,50.0
CR0061,Creator_0061,YouTube,Beauty,Canada,14280,31,23.7,19852,1056,92,12,7.12,7.72,70.77
CR0062,Creator_0062,Instagram,Education,India,8265,443,24.3,5906,221,17,15,3.06,0.58,50.0
CR0063,Creator_0063,X,Gaming,USA,17656,92,29.6,16849,638,61,12,3.28,5.09,76.56
CR0064,Creator_0064,YouTube,Travel,Brazil,44822,607,18.3,107145,2469,159,193,5.23,5.42,116.32
CR0065,Creator_0065,Instagram,Gaming,France,27250,877,3.4,31909,131,8,6,0.5,4.21,94.54
CR0066,Creator_0066,YouTube,Beauty,India,60845,220,19.8,140316,2239,188,137,5.19,2.74,407.48
CR0067,Creator_0067,Instagram,Travel,India,115320,541,19.1,119902,9128,281,161,6.96,8.99,651.26
CR0068,Creator_0068,X,Tech,India,17604,883,19.5,27123,242,15,17,1.18,6.1,163.06
CR0069,Creator_0069,Instagram,Fashion,Australia,15516,524,9.9,6873,841,98,57,7.2,6.41,76.06
CR0070,Creator_0070,Facebook,Fitness,UAE,80933,757,25.9,121070,3061,72,170,3.26,10.49,183.03
CR0071,Creator_0071,TikTok,Lifestyle,India,88663,707,28.8,154058,5487,283,247,5.26,4.82,409.17
CR0072,Creator_0072,Instagram,Food,USA,63049,807,7.3,56242,2211,113,133,3.58,4.14,318.11
CR0073,Creator_0073,Instagram,Lifestyle,Singapore,9000,58,3.6,14541,569,47,5,6.06,10.26,50.0
CR0074,Creator_0074,X,Education,Australia,43741,79,6.6,76942,2711,82,139,7.05,0.28,345.68
CR0075,Creator_0075,TikTok,Lifestyle,USA,30512,597,24.8,56217,1554,128,107,6.22,5.68,300.64
CR0076,Creator_0076,TikTok,Travel,UK,90256,340,20.6,183260,4682,138,163,4.79,2.92,543.79
CR0077,Creator_0077,TikTok,Tech,USA,13921,454,19.4,14670,609,17,10,3.75,6.52,56.0
CR0078,Creator_0078,Instagram,Fitness,India,3957,655,12.7,6300,191,17,7,4.65,7.5,50.0
CR0079,Creator_0079,YouTube,Fashion,UK,59502,695,17.8,146453,3553,186,216,6.24,7.7,511.25
CR0080,Creator_0080,Instagram,Fashion,Canada,1419,427,9.9,3243,66,7,2,6.32,9.09,50.0
CR0081,Creator_0081,X,Beauty,Germany,11599,942,14.8,27844,475,11,11,6.01,4.62,79.21
CR0082,Creator_0082,TikTok,Food,Canada,8294,405,24.0,10043,150,9,3,1.98,4.83,62.98
CR0083,Creator_0083,YouTube,Gaming,UAE,8230,690,29.5,16892,265,8,17,4.75,7.34,50.02
CR0084,Creator_0084,Instagram,Tech,India,11368,588,28.0,19345,384,21,5,3.41,8.61,78.78
CR0085,Creator_0085,Instagram,Gaming,USA,109095,97,28.1,62592,6007,719,348,6.26,0.95,715.71
CR0086,Creator_0086,YouTube,Fitness,India,69122,213,12.7,147254,2381,259,84,3.12,6.6,629.51
CR0087,Creator_0087,TikTok,Lifestyle,India,20140,304,14.6,36693,971,24,61,5.79,4.12,118.79
CR0088,Creator_0088,TikTok,Fashion,Australia,99078,546,21.5,81018,4165,317,322,4.18,5.81,301.11
CR0089,Creator_0089,Facebook,Fitness,Brazil,7929,543,27.7,4499,51,5,2,0.67,4.25,50.0
CR0090,Creator_0090,YouTube,Lifestyle,India,6781,632,5.1,14631,303,12,9,6.85,2.97,56.36
CR0091,Creator_0091,Instagram,Fashion,USA,72630,175,9.8,41086,2387,82,159,4.74,1.94,500.18
CR0092,Creator_0092,TikTok,Lifestyle,UAE,52396,359,5.0,31010,3286,362,94,7.61,4.97,344.72
CR0093,Creator_0093,TikTok,Food,India,15846,144,18.7,20561,213,24,5,1.14,6.75,99.91
CR0094,Creator_0094,YouTube,Tech,UK,7289,890,9.9,4978,223,26,15,4.16,3.39,50.0
CR0095,Creator_0095,TikTok,Education,Australia,144161,299,10.5,334266,6704,663,530,4.32,9.66,1235.06
CR0096,Creator_0096,YouTube,Fitness,UK,3721,936,3.1,5163,247,21,12,5.39,14.1,50.0
CR0097,Creator_0097,YouTube,Fitness,India,13518,925,11.1,21564,285,15,8,1.88,6.95,54.63
CR0098,Creator_0098,YouTube,Comedy,USA,34991,641,26.0,82194,1670,62,63,6.0,5.36,257.03
CR0099,Creator_0099,Instagram,Travel,UAE,213734,865,7.8,323497,23013,642,504,9.01,2.31,956.55
CR0100,Creator_0100,Instagram,Food,UK,41796,888,21.2,47753,1722,153,109,5.84,6.8,112.02
CR0101,Creator_0101,Instagram,Food,India,46739,677,19.3,96937,2175,214,139,5.0,10.67,298.41
CR0102,Creator_0102,TikTok,Gaming,UAE,13977,747,26.0,18589,292,29,20,1.77,12.32,128.48
CR0103,Creator_0103,Instagram,Lifestyle,India,51727,929,4.8,55285,1659,184,19,3.1,10.39,363.54
CR0104,Creator_0104,YouTube,Travel,Australia,30366,693,29.4,58265,1276,137,62,4.68,8.45,91.92
CR0105,Creator_0105,Facebook,Tech,India,4329,147,17.9,9018,129,15,3,3.63,6.94,50.0
CR0106,Creator_0106,Instagram,Tech,Brazil,66961,333,29.9,138114,4136,183,140,7.06,1.83,536.34
CR0107,Creator_0107,YouTube,Food,USA,82121,351,27.4,201452,4683,451,304,5.97,5.15,471.59
CR0108,Creator_0108,TikTok,Tech,India,67769,169,7.4,139062,6112,480,143,10.72,4.74,317.74
CR0109,Creator_0109,Instagram,Comedy,India,27954,473,2.6,56379,908,41,49,2.64,5.17,178.07
CR0110,Creator_0110,Instagram,Fitness,India,8958,55,8.4,19714,527,62,29,4.87,2.98,87.84
CR0111,Creator_0111,Instagram,Beauty,Germany,1890,704,16.3,756,38,5,2,1.76,8.15,50.0
CR0112,Creator_0112,Instagram,Education,Brazil,32228,439,6.0,37420,145,5,9,0.5,4.54,182.17
CR0113,Creator_0113,Facebook,Gaming,USA,93361,41,5.9,181957,6352,143,420,6.39,4.26,498.53
CR0114,Creator_0114,X,Lifestyle,USA,84530,225,14.4,140269,5933,527,280,5.89,2.99,687.04
CR0115,Creator_0115,TikTok,Education,Australia,68767,658,2.0,53150,2329,187,53,2.92,6.31,196.89
CR0116,Creator_0116,X,Lifestyle,Germany,24702,867,4.5,25636,1109,125,44,5.0,10.74,153.72
CR0117,Creator_0117,X,Fashion,UK,93956,976,13.1,104034,2305,100,111,3.42,5.46,259.83
CR0118,Creator_0118,Instagram,Education,USA,77869,375,2.8,124001,2008,57,115,3.71,6.49,492.52
CR0119,Creator_0119,Facebook,Beauty,USA,16547,459,12.5,35515,675,30,35,4.1,12.27,143.94
CR0120,Creator_0120,YouTube,Food,Canada,58576,748,14.7,138135,1716,37,64,2.83,9.71,293.05
CR0121,Creator_0121,X,Comedy,India,14525,115,14.1,28689,542,12,15,3.22,7.56,156.01
CR0122,Creator_0122,Facebook,Fitness,UK,50062,948,26.2,108644,1359,151,29,3.29,7.41,212.15
CR0123,Creator_0123,Instagram,Fitness,USA,6039,960,16.4,8377,259,14,15,5.73,3.39,50.0
CR0124,Creator_0124,Instagram,Comedy,UAE,6597,183,14.6,8038,28,5,2,0.5,3.05,50.0
CR0125,Creator_0125,Instagram,Travel,India,90847,167,12.9,111259,3367,73,195,4.3,5.99,471.43
CR0126,Creator_0126,YouTube,Fashion,UK,79078,549,24.7,133932,1390,65,50,2.41,6.08,690.21
CR0127,Creator_0127,X,Lifestyle,USA,55751,313,27.0,36845,1462,146,41,2.49,2.53,197.44
CR0128,Creator_0128,X,Beauty,Canada,29767,214,25.7,48131,1034,84,65,3.64,7.96,183.54
CR0129,Creator_0129,Instagram,Tech,India,1719,682,20.5,3088,88,8,5,4.77,4.53,50.0
CR0130,Creator_0130,YouTube,Education,UK,24683,499,5.0,32623,920,59,38,4.33,9.45,121.31
CR0131,Creator_0131,YouTube,Fashion,UK,45356,896,9.0,108929,943,48,49,2.46,5.31,294.49
CR0132,Creator_0132,Instagram,Education,UK,14545,142,2.3,24395,867,59,31,6.39,5.0,102.18
CR0133,Creator_0133,Instagram,Beauty,UK,11856,419,28.0,10219,391,20,23,2.81,2.22,95.18
CR0134,Creator_0134,YouTube,Gaming,Canada,141645,718,20.2,199203,3036,315,207,3.18,2.6,669.72
CR0135,Creator_0135,Facebook,Gaming,UAE,25101,984,22.6,45642,1544,76,89,5.43,10.11,164.47
CR0136,Creator_0136,YouTube,Fashion,India,45388,471,10.0,49001,2175,186,99,5.5,6.44,123.04
CR0137,Creator_0137,YouTube,Food,Singapore,65529,680,25.5,37171,2628,88,110,3.45,6.86,347.25
CR0138,Creator_0138,TikTok,Beauty,USA,8504,123,8.5,13820,48,5,2,0.5,11.1,50.0
CR0139,Creator_0139,YouTube,Beauty,India,33596,774,1.0,80312,822,91,47,2.85,0.89,355.59
CR0140,Creator_0140,Facebook,Comedy,India,122711,481,11.9,174084,6751,545,331,5.16,7.85,604.84
CR0141,Creator_0141,Facebook,Food,India,217968,762,17.6,501943,10257,779,551,6.31,-0.06,1610.64
CR0142,Creator_0142,Instagram,Lifestyle,UAE,28167,737,14.9,60659,1549,179,25,4.63,3.97,179.99
CR0143,Creator_0143,YouTube,Lifestyle,Australia,20462,729,26.0,14519,684,56,52,3.75,1.49,139.09
CR0144,Creator_0144,Instagram,Tech,UAE,36657,415,4.1,69177,3334,153,217,9.85,8.51,378.02
CR0145,Creator_0145,Instagram,Fitness,USA,35602,931,17.1,46798,1521,74,55,3.98,-1.11,212.02
CR0146,Creator_0146,Instagram,Gaming,USA,132557,356,15.9,122683,9313,843,460,6.15,4.69,803.05
CR0147,Creator_0147,TikTok,Lifestyle,India,8553,618,9.2,15759,125,11,2,1.86,1.44,62.19
CR0148,Creator_0148,YouTube,Food,India,19499,161,24.8,38209,489,24,6,2.4,2.51,212.97
CR0149,Creator_0149,Instagram,Beauty,USA,7444,336,22.8,5789,409,22,11,6.22,3.05,50.0
CR0150,Creator_0150,Instagram,Lifestyle,India,8400,730,22.3,19490,519,61,30,7.1,10.12,73.65
CR0151,Creator_0151,Facebook,Beauty,India,41483,577,26.4,82028,1739,52,121,3.94,4.33,139.59
CR0152,Creator_0152,Instagram,Lifestyle,UK,68277,819,22.0,161139,439,26,21,0.73,11.55,371.52
CR0153,Creator_0153,Instagram,Gaming,Australia,12748,546,7.7,13587,484,12,22,4.43,12.28,50.0
CR0154,Creator_0154,YouTube,Education,Brazil,65375,575,21.5,155108,3929,401,149,5.22,12.9,776.2
CR0155,Creator_0155,Facebook,Lifestyle,France,96598,420,9.9,113395,3446,100,73,5.02,5.29,622.55
CR0156,Creator_0156,Instagram,Food,Canada,248926,700,8.0,127782,9353,817,171,3.56,6.24,1802.08
CR0157,Creator_0157,TikTok,Lifestyle,USA,29149,329,3.1,58363,1039,26,65,4.46,6.82,83.28
CR0158,Creator_0158,TikTok,Fitness,Canada,12890,514,22.6,24199,267,23,20,3.15,4.21,94.66
CR0159,Creator_0159,Instagram,Gaming,UAE,8494,575,21.6,14062,149,15,6,2.35,6.99,81.44
CR0160,Creator_0160,TikTok,Food,India,7577,629,7.8,10825,496,29,27,6.46,2.23,50.0
CR0161,Creator_0161,YouTube,Comedy,USA,113238,792,22.7,52944,6113,441,452,5.02,-1.06,507.35
CR0162,Creator_0162,TikTok,Food,Singapore,4710,128,27.6,8061,139,8,2,4.47,8.0,50.0
CR0163,Creator_0163,TikTok,Fitness,USA,109142,814,4.1,139194,2698,135,172,3.68,4.28,524.52
CR0164,Creator_0164,YouTube,Education,UK,9909,391,7.7,15620,519,52,27,4.4,2.08,50.0
CR0165,Creator_0165,Instagram,Gaming,UK,12234,874,22.8,15923,437,20,22,5.15,2.52,110.72
CR0166,Creator_0166,X,Comedy,India,22600,635,9.0,54889,2306,212,70,8.6,10.8,174.81
CR0167,Creator_0167,YouTube,Fitness,USA,11977,787,19.1,19985,588,23,34,6.24,7.12,91.78
CR0168,Creator_0168,Instagram,Fitness,India,78572,910,3.4,155053,2862,128,187,3.33,0.17,434.47
CR0169,Creator_0169,Instagram,Fashion,India,216499,225,14.1,512307,6080,326,108,3.36,1.35,2044.44
CR0170,Creator_0170,TikTok,Gaming,India,12631,866,22.4,20744,443,34,20,3.01,4.48,67.01
CR0171,Creator_0171,TikTok,Food,Singapore,16365,62,20.9,6960,763,49,13,4.36,7.17,81.83
CR0172,Creator_0172,Instagram,Beauty,India,22296,884,24.6,10523,598,56,42,3.01,2.72,50.0
CR0173,Creator_0173,YouTube,Education,USA,50121,264,26.4,93972,2036,84,92,5.84,4.89,463.51
CR0174,Creator_0174,Instagram,Beauty,India,22550,306,23.4,22236,122,5,8,0.5,5.9,85.25
CR0175,Creator_0175,TikTok,Food,France,132633,374,20.5,214427,8091,790,289,5.98,5.97,479.73
CR0176,Creator_0176,Instagram,Food,India,100570,804,1.9,82948,3546,362,66,5.41,-2.88,635.88
CR0177,Creator_0177,TikTok,Gaming,USA,6882,495,16.5,6658,342,8,4,7.58,6.28,50.0
CR0178,Creator_0178,YouTube,Food,Germany,48977,102,2.1,71493,3742,303,111,6.73,-0.57,294.73
CR0179,Creator_0179,Facebook,Fashion,Singapore,154568,129,24.4,378490,4109,237,111,3.3,4.5,354.04
CR0180,Creator_0180,Instagram,Comedy,India,15229,969,10.3,25800,1018,101,50,6.48,3.75,119.98
CR0181,Creator_0181,YouTube,Food,UAE,19179,209,17.3,45375,783,84,9,4.43,1.72,71.16
CR0182,Creator_0182,Instagram,Beauty,USA,14658,819,9.1,35394,92,9,4,0.54,8.45,50.0
CR0183,Creator_0183,Facebook,Food,USA,15015,955,23.7,12568,928,90,34,5.15,1.57,50.0
CR0184,Creator_0184,X,Fashion,India,3949,928,26.7,4160,169,7,8,3.43,3.67,50.0
CR0185,Creator_0185,Instagram,Lifestyle,India,5839,270,12.6,11777,208,21,12,4.8,8.58,50.0
CR0186,Creator_0186,TikTok,Lifestyle,Australia,29410,743,26.0,65296,2895,212,157,8.43,3.57,100.82
CR0187,Creator_0187,X,Fitness,USA,153374,310,8.7,228584,6568,166,518,5.29,2.85,1121.82
CR0188,Creator_0188,YouTube,Education,USA,13288,664,16.5,33030,341,22,6,2.56,4.56,141.51
CR0189,Creator_0189,YouTube,Tech,Australia,12846,220,25.9,5450,847,96,33,6.92,7.39,50.0
CR0190,Creator_0190,Instagram,Comedy,UAE,190374,816,10.5,195922,7044,766,279,5.6,10.56,759.44
CR0191,Creator_0191,Instagram,Travel,India,7521,345,28.7,12850,209,6,8,2.3,2.22,50.07
CR0192,Creator_0192,Facebook,Fitness,UK,3982,530,4.5,5517,35,5,2,1.27,2.51,50.0
CR0193,Creator_0193,Facebook,Education,India,10375,428,1.5,6690,292,29,12,2.65,4.53,50.0
CR0194,Creator_0194,TikTok,Lifestyle,Australia,12554,626,27.2,14717,934,44,43,6.64,6.31,85.96
CR0195,Creator_0195,YouTube,Beauty,Canada,3606,809,3.0,1635,168,11,6,4.14,2.8,50.0
CR0196,Creator_0196,YouTube,Travel,Brazil,23219,981,29.8,40627,845,76,67,4.98,7.91,82.77
CR0197,Creator_0197,TikTok,Education,India,80074,960,28.6,182149,1368,87,102,1.86,2.29,523.97
CR0198,Creator_0198,Facebook,Education,India,6131,856,5.0,13845,471,14,14,6.7,-1.15,57.9
CR0199,Creator_0199,Facebook,Fitness,India,29753,527,16.6,55609,123,11,2,0.5,7.36,207.79
CR0200,Creator_0200,TikTok,Travel,India,42417,750,6.4,58455,1326,147,91,3.36,7.77,385.54
CR0201,Creator_0201,TikTok,Gaming,India,24443,620,13.4,36059,1137,96,90,5.72,9.16,119.88
CR0202,Creator_0202,Instagram,Tech,Germany,33307,91,2.8,22899,720,70,21,2.33,-1.47,170.41
CR0203,Creator_0203,Instagram,Gaming,India,33756,266,7.5,37676,2455,137,86,6.15,3.17,162.73
CR0204,Creator_0204,Facebook,Travel,India,10565,660,11.5,8391,281,10,21,2.89,4.62,50.0
CR0205,Creator_0205,TikTok,Gaming,Australia,150748,743,13.7,320267,3113,262,186,2.1,11.65,659.91
CR0206,Creator_0206,Instagram,Fashion,USA,112974,959,29.3,262210,7692,405,236,7.63,4.94,451.54
CR0207,Creator_0207,Instagram,Lifestyle,UAE,105704,874,24.4,161466,5031,533,254,5.14,0.79,456.81
CR0208,Creator_0208,TikTok,Fashion,India,86312,627,22.4,166435,3379,109,257,5.94,6.54,353.57
CR0209,Creator_0209,Instagram,Food,USA,4397,606,16.6,2880,253,16,16,7.04,10.08,50.0
CR0210,Creator_0210,Instagram,Gaming,India,78039,954,25.4,130943,355,21,21,0.5,9.34,461.4
CR0211,Creator_0211,YouTube,Food,India,57178,585,10.8,107257,3652,415,224,6.2,7.47,164.64
CR0212,Creator_0212,TikTok,Beauty,Germany,4596,363,21.6,6208,132,5,2,3.13,6.42,50.0
CR0213,Creator_0213,TikTok,Comedy,India,21012,990,29.8,19139,612,12,41,3.42,-2.44,82.83
CR0214,Creator_0214,Instagram,Beauty,USA,36986,944,10.1,82940,1880,82,55,5.76,5.59,170.03
CR0215,Creator_0215,TikTok,Travel,USA,182401,73,20.5,357525,5803,592,435,4.0,6.12,1111.89
CR0216,Creator_0216,Instagram,Education,India,61909,749,25.5,141753,4556,186,161,6.11,4.94,418.39
CR0217,Creator_0217,YouTube,Lifestyle,Germany,9954,547,27.6,21088,451,19,31,4.71,7.97,98.35
CR0218,Creator_0218,TikTok,Gaming,India,189036,630,21.8,468768,6431,212,184,5.17,4.88,816.91
CR0219,Creator_0219,TikTok,Fitness,Canada,28292,551,9.2,22734,696,63,32,3.72,4.21,199.87
CR0220,Creator_0220,X,Comedy,Brazil,20045,577,10.5,11669,608,16,10,2.46,9.14,129.48
CR0221,Creator_0221,TikTok,Tech,UK,18468,982,1.6,20457,458,24,25,3.17,4.05,91.99
CR0222,Creator_0222,YouTube,Tech,France,4158,212,23.1,2789,215,10,14,4.57,5.73,50.0
CR0223,Creator_0223,Instagram,Tech,India,23712,914,2.2,35534,1435,108,86,8.84,8.64,102.69
CR0224,Creator_0224,YouTube,Gaming,USA,47672,77,26.1,82442,4609,428,214,8.04,1.96,351.59
CR0225,Creator_0225,Instagram,Tech,India,17271,456,4.4,27882,681,49,8,3.36,1.58,125.27
CR0226,Creator_0226,Instagram,Fashion,Australia,43630,130,6.0,41204,2135,241,160,4.93,10.25,173.86
CR0227,Creator_0227,Facebook,Comedy,Brazil,9956,148,14.8,22983,272,31,16,4.17,3.43,50.0
CR0228,Creator_0228,YouTube,Fashion,India,22878,868,22.4,10168,937,52,58,5.09,7.92,56.84
CR0229,Creator_0229,Facebook,Education,Canada,38716,725,5.0,43781,1858,181,121,5.37,-0.71,202.43
CR0230,Creator_0230,TikTok,Comedy,India,33460,944,13.8,63904,1846,173,115,5.96,-3.26,202.2
CR0231,Creator_0231,X,Fashion,UK,4245,871,15.0,8534,17,5,2,0.5,6.77,50.0
CR0232,Creator_0232,YouTube,Comedy,USA,16238,345,7.2,20684,610,39,37,5.61,5.05,102.24
CR0233,Creator_0233,TikTok,Education,Brazil,185179,27,4.4,80647,7288,532,391,3.92,6.81,652.13
CR0234,Creator_0234,YouTube,Food,UK,15270,48,25.3,25926,478,29,33,3.25,12.06,90.79
CR0235,Creator_0235,Instagram,Gaming,India,27396,131,15.6,14588,1471,154,97,6.55,1.17,60.27
CR0236,Creator_0236,TikTok,Gaming,India,24348,966,1.4,15253,1315,56,16,8.03,5.63,134.09
CR0237,Creator_0237,Instagram,Tech,India,163321,692,24.3,288347,12868,565,469,6.32,10.67,1397.03
CR0238,Creator_0238,Instagram,Beauty,India,118648,150,29.4,125319,4078,233,50,3.66,1.67,813.85
CR0239,Creator_0239,TikTok,Tech,India,68095,207,18.6,77006,1826,78,31,2.43,3.45,501.77
CR0240,Creator_0240,Instagram,Travel,Singapore,8784,694,15.6,12493,40,5,2,0.5,-0.69,50.0
CR0241,Creator_0241,Facebook,Fashion,UK,40662,728,26.5,99825,1429,47,101,5.2,13.33,311.95
CR0242,Creator_0242,Facebook,Comedy,USA,51695,494,28.6,125485,2622,136,48,6.07,-2.22,518.87
CR0243,Creator_0243,Facebook,Beauty,India,12047,383,22.9,15349,464,51,19,4.58,8.3,90.57
CR0244,Creator_0244,YouTube,Education,Germany,9886,223,13.9,9466,780,47,57,6.85,0.88,50.94
CR0245,Creator_0245,Instagram,Travel,Australia,191140,231,18.2,197914,3786,359,253,1.9,1.82,708.13
CR0246,Creator_0246,Facebook,Education,India,19035,640,21.3,18358,685,21,31,4.42,9.22,50.0
CR0247,Creator_0247,YouTube,Gaming,Australia,172339,295,6.6,261561,9013,403,576,4.25,2.9,1387.41
CR0248,Creator_0248,Facebook,Gaming,USA,84681,92,14.0,141790,3254,327,151,4.56,7.78,212.39
CR0249,Creator_0249,Facebook,Tech,India,43004,698,25.1,61342,3958,381,83,7.37,10.33,79.82
CR0250,Creator_0250,X,Fashion,USA,45270,791,20.0,56894,2581,151,48,4.57,6.2,163.82
CR0251,Creator_0251,Instagram,Beauty,USA,5375,262,12.9,4534,170,19,3,4.15,8.61,50.0
CR0252,Creator_0252,YouTube,Lifestyle,India,34125,806,20.2,48227,783,86,27,2.74,5.78,190.79
CR0253,Creator_0253,X,Travel,France,137251,121,4.4,153215,9977,1159,749,7.72,5.94,589.75
CR0254,Creator_0254,Instagram,Travel,Singapore,58896,704,12.6,90543,1018,63,67,1.65,3.28,478.91
CR0255,Creator_0255,Instagram,Tech,Canada,32128,190,24.0,58405,1112,44,44,3.58,12.25,122.83
CR0256,Creator_0256,YouTube,Gaming,USA,192668,672,7.4,333307,20241,1673,901,8.53,8.1,2027.03
CR0257,Creator_0257,Facebook,Tech,USA,21746,928,6.4,29818,1374,121,39,5.83,7.33,162.17
CR0258,Creator_0258,TikTok,Comedy,Canada,13193,207,28.6,20682,488,15,28,4.76,8.2,92.9
CR0259,Creator_0259,TikTok,Beauty,USA,32109,460,7.1,32051,1110,109,73,4.85,3.13,260.14
CR0260,Creator_0260,Instagram,Fashion,India,64954,105,8.6,29288,1878,40,50,2.72,8.76,440.29
CR0261,Creator_0261,TikTok,Food,USA,3731,495,29.1,6389,129,8,2,4.65,10.95,50.0
CR0262,Creator_0262,Facebook,Fitness,UAE,37331,71,22.3,34732,1688,89,90,4.03,0.67,101.24
CR0263,Creator_0263,Instagram,Fitness,USA,68315,130,21.3,123295,2971,279,146,5.2,7.4,512.54
CR0264,Creator_0264,YouTube,Tech,India,19730,968,25.7,38842,248,12,9,1.49,5.72,149.69
CR0265,Creator_0265,X,Comedy,UAE,96087,896,4.4,223253,3582,367,197,5.68,3.68,892.91
CR0266,Creator_0266,TikTok,Beauty,India,56238,873,21.5,135649,4238,336,205,7.04,1.67,674.56
CR0267,Creator_0267,TikTok,Lifestyle,India,315713,62,15.6,133263,9860,979,271,4.35,9.18,800.11
CR0268,Creator_0268,TikTok,Fitness,India,11348,230,25.0,28140,786,93,29,6.22,6.23,100.68
CR0269,Creator_0269,YouTube,Beauty,India,69934,987,15.7,128282,3622,318,144,5.48,4.78,518.1
CR0270,Creator_0270,Instagram,Fashion,Australia,8350,219,19.0,14624,323,38,23,3.46,7.4,50.0
CR0271,Creator_0271,X,Education,USA,4197,829,14.9,1812,103,5,7,2.47,5.05,50.0
CR0272,Creator_0272,X,Comedy,India,2589,877,14.9,5718,50,5,3,2.78,3.04,50.0
CR0273,Creator_0273,X,Gaming,Germany,49964,771,23.3,35251,3015,92,181,5.44,5.95,244.25
CR0274,Creator_0274,Facebook,Beauty,Germany,33252,646,19.2,71770,1076,49,54,4.68,5.4,277.7
CR0275,Creator_0275,YouTube,Fashion,Germany,15507,45,19.4,6709,1105,114,64,7.61,-0.71,98.21
CR0276,Creator_0276,YouTube,Lifestyle,India,3499,938,14.1,6146,172,5,13,6.54,3.3,50.0
CR0277,Creator_0277,X,Food,USA,12161,318,16.4,15968,875,63,24,6.54,1.07,75.43
CR0278,Creator_0278,TikTok,Gaming,Brazil,27030,96,22.6,22208,1740,133,82,5.38,-0.28,189.54
CR0279,Creator_0279,TikTok,Food,UAE,66979,943,25.0,41920,1763,134,102,2.68,7.14,366.42
CR0280,Creator_0280,X,Lifestyle,India,26396,156,21.2,34955,1407,95,80,5.52,3.16,189.14
CR0281,Creator_0281,Facebook,Fashion,India,35949,39,27.8,23688,1968,194,54,4.94,9.14,268.38
CR0282,Creator_0282,YouTube,Fitness,USA,17456,459,24.8,24814,262,8,13,2.3,-0.9,112.92
CR0283,Creator_0283,YouTube,Food,Germany,201110,230,17.3,344492,18013,919,1183,7.46,4.46,998.46
CR0284,Creator_0284,Instagram,Gaming,USA,8341,771,20.5,17828,463,37,20,7.23,3.34,50.0
CR0285,Creator_0285,TikTok,Tech,USA,12038,570,27.9,21971,340,30,22,2.28,-0.02,106.16
CR0286,Creator_0286,Instagram,Travel,India,15272,454,19.0,8199,566,34,19,3.4,5.52,57.88
CR0287,Creator_0287,YouTube,Beauty,Canada,50217,799,24.9,52507,2009,216,152,3.59,0.28,284.94
CR0288,Creator_0288,YouTube,Fitness,Singapore,8146,226,21.0,8184,522,32,24,6.14,6.28,50.0
CR0289,Creator_0289,Instagram,Food,USA,31447,458,17.0,73006,1728,104,89,5.89,8.02,163.23
CR0290,Creator_0290,TikTok,Education,UAE,32521,993,8.0,72272,1582,37,19,4.9,6.44,236.67
CR0291,Creator_0291,Instagram,Beauty,Brazil,12106,798,13.4,14252,443,33,9,5.4,6.88,50.0
CR0292,Creator_0292,Instagram,Tech,India,39319,685,29.1,21602,793,72,43,1.97,9.11,193.5
CR0293,Creator_0293,X,Lifestyle,USA,8442,61,20.1,19227,488,15,19,5.64,5.41,50.0
CR0294,Creator_0294,YouTube,Travel,India,7445,430,17.4,16864,403,20,18,4.58,2.61,60.95
CR0295,Creator_0295,Instagram,Fashion,UAE,30168,542,28.1,66217,952,93,13,3.31,3.37,188.39
CR0296,Creator_0296,YouTube,Tech,UK,3988,825,18.0,8672,39,5,2,1.43,3.44,50.0
CR0297,Creator_0297,TikTok,Tech,Canada,2283,629,16.3,3215,92,5,5,4.86,1.85,50.0
CR0298,Creator_0298,Instagram,Lifestyle,UAE,49650,446,23.0,38359,2895,252,66,5.59,8.24,141.33
CR0299,Creator_0299,TikTok,Comedy,USA,89887,294,21.7,126086,748,29,40,1.05,7.34,771.65
CR0300,Creator_0300,Instagram,Lifestyle,France,15727,467,6.6,22625,622,68,41,4.84,-0.33,63.47
CR0301,Creator_0301,Instagram,Comedy,USA,12477,921,14.7,17827,722,22,39,5.07,2.61,70.24
CR0302,Creator_0302,YouTube,Comedy,India,85508,961,14.7,130948,3062,277,97,3.58,1.68,480.63
CR0303,Creator_0303,YouTube,Fitness,Canada,7205,903,12.0,6780,388,27,21,5.64,6.61,50.0
CR0304,Creator_0304,TikTok,Fitness,UAE,5608,761,16.0,6556,212,22,5,4.51,9.27,50.0
CR0305,Creator_0305,TikTok,Gaming,India,60705,388,13.0,79632,3581,116,115,5.42,7.07,259.22
CR0306,Creator_0306,Facebook,Food,Singapore,27184,957,6.8,18358,1337,117,35,5.98,3.05,204.99
CR0307,Creator_0307,YouTube,Food,Germany,91547,239,13.0,124161,5979,461,292,5.98,4.38,350.73
CR0308,Creator_0308,YouTube,Fashion,India,2295,596,3.1,4824,111,7,2,7.04,0.63,50.0
CR0309,Creator_0309,X,Food,Brazil,5373,886,17.7,11492,347,23,26,5.54,0.89,62.44
CR0310,Creator_0310,Instagram,Fitness,India,27350,251,25.8,34578,974,89,32,3.75,8.46,62.17
CR0311,Creator_0311,YouTube,Gaming,India,43491,347,22.0,64779,1338,152,33,3.37,10.55,309.98
CR0312,Creator_0312,Instagram,Gaming,India,71256,462,11.5,33537,1782,51,79,2.46,3.0,254.78
CR0313,Creator_0313,Instagram,Comedy,Germany,32893,71,3.5,59743,1728,37,50,5.13,5.67,211.74
CR0314,Creator_0314,Facebook,Lifestyle,Canada,32511,905,6.9,40628,1827,183,86,7.71,8.02,84.58
CR0315,Creator_0315,X,Fashion,India,17191,962,16.8,22958,760,23,26,4.01,-0.32,56.67
CR0316,Creator_0316,TikTok,Comedy,USA,167634,395,7.0,374613,7915,939,152,5.79,1.83,1126.19
CR0317,Creator_0317,YouTube,Lifestyle,UK,7566,282,16.8,10364,283,23,8,3.14,12.48,50.0
CR0318,Creator_0318,Instagram,Food,India,40654,286,7.7,18070,2425,206,98,5.23,2.15,176.55
CR0319,Creator_0319,Instagram,Comedy,Germany,8638,378,25.6,7581,560,22,6,7.57,4.23,50.0
CR0320,Creator_0320,Instagram,Beauty,UAE,49761,336,12.5,69605,3562,156,227,6.31,3.39,269.24
CR0321,Creator_0321,YouTube,Food,USA,8163,343,8.1,10540,94,8,5,1.34,-1.48,57.71
CR0322,Creator_0322,TikTok,Lifestyle,Brazil,63284,940,24.6,139653,2725,302,141,6.06,5.79,379.72
CR0323,Creator_0323,TikTok,Fashion,USA,30605,927,10.9,47085,2313,273,111,6.16,5.41,157.26
CR0324,Creator_0324,Instagram,Lifestyle,Brazil,200052,685,4.2,369743,10793,429,553,5.18,6.13,998.55
CR0325,Creator_0325,Facebook,Comedy,Canada,19473,889,17.5,26981,1127,37,85,6.27,5.2,91.41
CR0326,Creator_0326,TikTok,Comedy,Canada,43857,897,17.9,58034,1157,29,12,2.97,3.89,221.4
CR0327,Creator_0327,YouTube,Tech,India,10975,671,21.7,14675,458,48,6,4.94,3.69,55.0
CR0328,Creator_0328,TikTok,Fashion,Germany,19320,958,8.0,24399,1732,85,40,7.24,3.75,99.34
CR0329,Creator_0329,YouTube,Education,USA,30382,582,13.9,46515,1563,31,33,7.04,2.04,208.0
CR0330,Creator_0330,Instagram,Food,India,4645,648,9.2,4300,234,9,5,6.01,2.58,50.0
CR0331,Creator_0331,YouTube,Gaming,India,5269,440,3.3,11967,141,7,8,2.86,2.1,50.0
CR0332,Creator_0332,TikTok,Fashion,UK,53628,65,26.4,58962,1260,150,53,2.51,7.51,284.57
CR0333,Creator_0333,Instagram,Gaming,USA,22742,840,22.1,16142,1071,77,85,5.05,6.57,91.65
CR0334,Creator_0334,Instagram,Fashion,Australia,13604,619,9.7,8199,534,21,13,5.2,5.59,65.96
CR0335,Creator_0335,Instagram,Fashion,Germany,11527,739,18.4,4935,389,20,12,4.58,12.3,76.89
CR0336,Creator_0336,Instagram,Lifestyle,India,12049,908,6.8,15519,293,15,23,3.03,2.26,62.65
CR0337,Creator_0337,X,Fashion,Australia,30620,288,26.8,24311,2114,46,144,5.76,9.42,210.25
CR0338,Creator_0338,TikTok,Tech,India,44881,620,4.3,19992,1623,54,69,5.04,4.59,250.07
CR0339,Creator_0339,YouTube,Education,Singapore,2426,400,1.1,3619,145,12,7,5.44,6.05,50.0
CR0340,Creator_0340,Instagram,Comedy,UAE,136592,137,15.6,249684,9218,295,636,6.11,7.85,312.06
CR0341,Creator_0341,YouTube,Travel,USA,125863,585,17.9,73010,6004,258,262,4.2,3.83,720.86
CR0342,Creator_0342,YouTube,Gaming,Australia,1844,972,17.8,2522,81,5,2,3.72,1.8,50.0
CR0343,Creator_0343,Instagram,Comedy,India,93790,135,2.6,183980,5485,525,372,7.24,2.38,864.57
CR0344,Creator_0344,YouTube,Travel,USA,90535,649,10.1,223639,2223,173,105,3.13,-1.87,1006.07
CR0345,Creator_0345,YouTube,Education,Singapore,26916,279,15.5,48478,942,83,19,3.77,7.62,213.57
CR0346,Creator_0346,TikTok,Education,USA,6052,94,7.3,5532,368,28,16,7.52,7.54,50.0
CR0347,Creator_0347,TikTok,Gaming,USA,86466,499,26.3,164697,3394,299,132,3.6,11.04,781.1
CR0348,Creator_0348,Instagram,Gaming,USA,20385,324,3.5,33750,963,19,68,4.58,6.95,141.41
CR0349,Creator_0349,YouTube,Education,Singapore,50574,26,15.1,42723,2311,261,43,3.89,7.79,296.09
CR0350,Creator_0350,TikTok,Travel,India,345269,385,21.1,755218,2125,66,151,0.88,5.21,3264.33
CR0351,Creator_0351,YouTube,Fashion,India,35940,653,8.6,46633,1952,118,89,4.53,7.13,350.43
CR0352,Creator_0352,X,Food,Australia,9372,542,19.1,22681,199,19,7,2.58,9.31,68.69
CR0353,Creator_0353,TikTok,Beauty,Singapore,18286,367,25.1,35074,925,58,19,5.36,6.14,149.33
CR0354,Creator_0354,Instagram,Comedy,India,10852,457,6.5,19029,716,82,42,7.23,3.68,77.07
CR0355,Creator_0355,Instagram,Lifestyle,India,44289,234,27.6,85457,244,16,18,0.5,4.73,296.76
CR0356,Creator_0356,TikTok,Comedy,India,10646,448,17.1,14947,374,40,13,3.9,8.13,95.46
CR0357,Creator_0357,Instagram,Lifestyle,India,15618,810,9.7,22817,1101,111,29,5.8,3.78,145.92
CR0358,Creator_0358,TikTok,Travel,USA,6141,517,13.5,13433,36,5,2,0.5,8.61,50.0
CR0359,Creator_0359,Facebook,Lifestyle,Australia,23111,559,10.1,42291,2098,236,137,7.74,12.18,109.95
CR0360,Creator_0360,TikTok,Gaming,Canada,32967,766,22.0,75303,1288,141,13,5.64,8.66,209.35
CR0361,Creator_0361,YouTube,Food,UK,1227,386,24.1,2786,102,9,5,7.18,8.11,50.0
CR0362,Creator_0362,TikTok,Food,USA,36261,332,25.2,88862,1444,81,74,3.56,6.72,238.09
CR0363,Creator_0363,YouTube,Gaming,Singapore,25525,557,29.6,47743,694,21,22,3.82,2.78,67.09
CR0364,Creator_0364,YouTube,Tech,USA,11161,940,23.9,16237,354,31,14,4.45,2.46,50.0
CR0365,Creator_0365,Facebook,Travel,Brazil,277318,73,18.4,207781,18723,2206,510,9.5,2.43,1294.23
CR0366,Creator_0366,YouTube,Tech,Canada,81003,560,10.8,152390,4096,379,267,7.7,7.44,743.0
CR0367,Creator_0367,Facebook,Tech,India,7624,486,16.8,7717,379,42,20,5.09,4.14,50.0
CR0368,Creator_0368,Facebook,Comedy,Canada,70542,884,2.2,70132,4665,468,220,5.36,5.4,277.81
CR0369,Creator_0369,Instagram,Education,India,112552,183,22.6,101342,6372,231,238,6.2,6.97,318.62
CR0370,Creator_0370,Instagram,Comedy,Canada,31314,801,13.9,70073,3069,137,93,10.06,2.56,158.03
CR0371,Creator_0371,Instagram,Education,India,40768,353,1.6,90616,2829,153,191,5.64,3.74,301.73
CR0372,Creator_0372,Instagram,Beauty,India,39699,566,2.8,68482,1562,57,64,4.9,6.63,186.9
CR0373,Creator_0373,Instagram,Lifestyle,Singapore,2443,817,12.2,3403,115,8,5,4.06,4.48,50.0
CR0374,Creator_0374,TikTok,Education,India,21700,367,17.9,39308,1128,132,52,5.32,4.81,177.88
CR0375,Creator_0375,Instagram,Gaming,Singapore,20440,292,14.5,34240,711,68,29,3.51,1.89,56.57
CR0376,Creator_0376,Instagram,Comedy,India,139340,982,19.0,177385,7024,437,196,5.89,4.86,1038.37
CR0377,Creator_0377,X,Travel,Canada,39489,739,14.9,47277,643,13,11,1.65,11.28,178.13
CR0378,Creator_0378,Instagram,Lifestyle,Canada,19105,769,20.2,22999,560,28,9,4.23,3.94,69.63
CR0379,Creator_0379,X,Beauty,USA,24254,433,7.4,39708,1726,125,108,6.42,1.49,139.65
CR0380,Creator_0380,Instagram,Education,India,87281,519,4.3,153623,4019,210,103,5.61,8.85,649.35
CR0381,Creator_0381,Instagram,Beauty,India,21757,112,18.3,29342,972,30,13,3.78,7.33,100.21
CR0382,Creator_0382,TikTok,Travel,India,12053,704,15.1,29340,450,28,29,4.29,6.24,50.0
CR0383,Creator_0383,TikTok,Tech,India,19593,98,1.8,11287,1020,46,21,7.08,0.88,85.4
CR0384,Creator_0384,X,Food,Canada,79364,641,12.0,89585,1813,201,97,2.14,1.38,437.93
CR0385,Creator_0385,TikTok,Travel,France,47600,236,4.1,60930,766,23,25,2.15,0.12,283.82
CR0386,Creator_0386,X,Fitness,Germany,28308,966,16.4,12329,858,21,16,2.75,7.01,151.07
CR0387,Creator_0387,Instagram,Travel,UAE,33532,377,12.5,39112,1972,40,76,4.78,9.07,53.58
CR0388,Creator_0388,Instagram,Beauty,UAE,14133,637,18.8,13776,287,15,3,1.82,7.13,87.32
CR0389,Creator_0389,TikTok,Gaming,Canada,21524,526,24.4,31482,985,84,67,6.9,12.32,106.29
CR0390,Creator_0390,X,Comedy,India,12546,578,9.7,13881,350,32,16,2.77,3.95,62.77
CR0391,Creator_0391,Facebook,Gaming,Germany,19168,200,28.9,36898,1082,70,21,5.29,4.37,112.71
CR0392,Creator_0392,YouTube,Beauty,Canada,126513,595,16.5,186082,5114,452,135,3.53,5.87,753.7
CR0393,Creator_0393,YouTube,Comedy,UK,7788,265,18.9,5237,248,13,10,4.66,4.7,50.0
CR0394,Creator_0394,TikTok,Fitness,India,12185,263,20.7,24066,145,12,3,1.27,7.25,87.73
CR0395,Creator_0395,YouTube,Food,USA,6358,525,20.3,3868,432,10,12,7.0,3.26,50.0
CR0396,Creator_0396,Facebook,Lifestyle,USA,4956,441,15.8,10714,99,5,4,2.68,0.62,50.0
CR0397,Creator_0397,X,Beauty,Germany,21703,339,13.4,51131,448,44,30,2.45,-0.76,209.35
CR0398,Creator_0398,YouTube,Education,USA,13223,106,2.6,14242,1212,121,46,10.03,7.18,107.63
CR0399,Creator_0399,TikTok,Beauty,USA,204013,236,1.6,478389,14122,1293,849,6.02,3.66,1699.62
CR0400,Creator_0400,TikTok,Beauty,Brazil,19432,509,11.4,40133,1623,65,115,6.92,1.41,131.78
CR0401,Creator_0401,Instagram,Comedy,India,118516,538,10.7,276985,7072,316,177,5.81,3.33,239.38
CR0402,Creator_0402,Facebook,Fashion,USA,81896,297,12.2,147344,2760,330,183,3.8,12.33,778.27
CR0403,Creator_0403,YouTube,Travel,India,21156,868,5.0,18931,325,9,20,1.92,1.61,104.39
CR0404,Creator_0404,X,Fashion,Australia,304569,741,22.4,693960,15626,594,546,4.14,8.05,2161.93
CR0405,Creator_0405,YouTube,Fitness,France,36637,188,25.9,28831,1203,39,95,2.65,6.97,270.66
CR0406,Creator_0406,Facebook,Education,India,153270,349,28.2,129885,5134,270,145,2.78,10.2,603.47
CR0407,Creator_0407,YouTube,Food,Singapore,134065,669,15.3,129940,1984,81,55,1.32,5.07,517.63
CR0408,Creator_0408,Instagram,Tech,India,43340,460,21.3,45026,1850,129,118,5.05,0.04,313.45
CR0409,Creator_0409,Facebook,Fitness,France,63818,410,25.8,94476,6010,406,242,8.26,8.97,336.62
CR0410,Creator_0410,Instagram,Tech,Australia,55142,515,13.1,104673,2976,327,98,6.03,4.63,307.71
CR0411,Creator_0411,Instagram,Tech,UAE,7216,400,10.0,16921,279,6,6,4.57,9.96,54.97
CR0412,Creator_0412,Facebook,Food,India,28735,325,28.2,16830,1484,77,94,4.71,8.36,138.91
CR0413,Creator_0413,Facebook,Gaming,Brazil,92538,761,16.0,222477,322,25,20,0.5,8.99,323.49
CR0414,Creator_0414,TikTok,Fashion,Australia,155610,839,15.4,363314,4089,329,203,3.87,13.79,721.34
CR0415,Creator_0415,TikTok,Beauty,India,11745,692,6.2,6029,179,12,13,1.66,6.49,63.21
CR0416,Creator_0416,YouTube,Lifestyle,Singapore,49422,532,4.1,57165,2312,234,74,5.1,10.55,387.33
CR0417,Creator_0417,Instagram,Tech,India,32000,767,25.4,67443,1607,42,40,4.23,4.08,244.07
CR0418,Creator_0418,YouTube,Education,Germany,23492,968,18.8,39567,492,49,28,2.89,7.39,147.89
CR0419,Creator_0419,TikTok,Fitness,India,40514,207,10.4,82490,1481,102,93,5.05,3.74,407.18
CR0420,Creator_0420,TikTok,Gaming,Australia,34568,949,6.6,66023,1284,42,33,5.03,7.18,338.66
CR0421,Creator_0421,X,Tech,USA,50142,535,17.1,72365,2725,295,41,8.14,6.81,147.79
CR0422,Creator_0422,TikTok,Gaming,India,141205,932,17.9,68704,6175,524,412,6.31,-1.71,797.17
CR0423,Creator_0423,Instagram,Gaming,India,66286,663,7.0,107844,3660,133,286,5.28,3.36,495.86
CR0424,Creator_0424,YouTube,Tech,India,38452,446,25.7,19302,950,22,52,2.72,6.31,88.61
CR0425,Creator_0425,Instagram,Comedy,USA,229651,521,3.4,383017,6209,211,182,2.44,-2.4,1259.04
CR0426,Creator_0426,YouTube,Travel,India,96415,749,11.3,200626,7349,594,586,6.12,5.16,1035.22
CR0427,Creator_0427,YouTube,Education,UK,24191,279,20.7,39394,1102,41,79,4.36,9.03,111.41
CR0428,Creator_0428,Facebook,Beauty,India,6636,532,8.9,16548,241,10,11,5.35,10.05,50.0
CR0429,Creator_0429,YouTube,Beauty,India,8638,90,25.0,11724,427,9,28,6.95,2.76,65.31
CR0430,Creator_0430,Instagram,Education,Australia,78685,497,22.5,155209,1363,125,91,1.47,10.28,756.32
CR0431,Creator_0431,Instagram,Comedy,India,13031,197,23.9,23470,991,100,74,7.87,9.73,122.94
CR0432,Creator_0432,TikTok,Beauty,Germany,8439,476,4.5,20945,669,66,46,6.93,-2.02,50.0
CR0433,Creator_0433,TikTok,Gaming,Singapore,11250,208,5.1,21349,65,5,3,0.5,5.91,54.71
CR0434,Creator_0434,Instagram,Food,Canada,12203,310,9.3,9084,1469,162,77,9.98,6.29,71.06
CR0435,Creator_0435,Instagram,Fitness,UK,71556,539,16.0,172205,4809,419,205,5.51,10.82,306.92
CR0436,Creator_0436,TikTok,Fashion,Germany,22465,784,22.7,40489,828,90,44,3.75,6.5,148.23
CR0437,Creator_0437,Instagram,Beauty,India,5551,939,25.3,2912,281,18,18,5.94,10.38,50.0
CR0438,Creator_0438,X,Education,India,27881,998,21.4,49653,906,57,70,2.65,2.77,228.46
CR0439,Creator_0439,TikTok,Food,India,34738,311,27.9,78318,2039,200,87,6.0,-0.09,275.09
CR0440,Creator_0440,Instagram,Tech,UAE,15502,965,22.4,24985,325,9,16,3.05,3.23,98.49
CR0441,Creator_0441,Instagram,Travel,India,101647,775,9.9,116227,9727,701,400,9.24,11.02,651.34
CR0442,Creator_0442,Facebook,Education,UK,16579,654,8.7,35212,819,84,46,4.93,8.74,139.2
CR0443,Creator_0443,YouTube,Gaming,Brazil,96238,830,21.2,196640,7119,733,385,6.23,13.63,673.82
CR0444,Creator_0444,YouTube,Travel,Singapore,53439,302,6.6,82444,1709,197,19,3.07,0.45,418.06
CR0445,Creator_0445,X,Fitness,USA,78088,563,3.7,56548,4429,397,212,6.6,9.14,277.05
CR0446,Creator_0446,Facebook,Fitness,India,7605,865,16.4,7050,446,18,7,4.77,8.14,50.0
CR0447,Creator_0447,Facebook,Comedy,Singapore,30123,396,24.8,58764,575,12,6,1.69,4.5,138.16
CR0448,Creator_0448,TikTok,Lifestyle,UK,25317,677,3.9,52982,1111,75,72,4.27,8.22,103.35
CR0449,Creator_0449,YouTube,Comedy,India,5243,175,24.0,5171,391,27,10,9.05,5.99,50.0
CR0450,Creator_0450,Instagram,Food,India,95876,527,24.5,112440,5606,246,189,6.69,7.11,575.38
CR0451,Creator_0451,TikTok,Travel,Germany,10509,432,15.0,5916,438,14,6,3.97,7.88,53.55
CR0452,Creator_0452,YouTube,Lifestyle,Canada,13346,547,2.7,25334,63,5,2,0.69,8.93,105.59
CR0453,Creator_0453,YouTube,Tech,Singapore,8389,374,6.1,3418,200,19,12,2.97,5.8,50.0
CR0454,Creator_0454,Facebook,Gaming,Germany,60256,578,21.5,29991,1111,132,49,1.71,11.72,383.89
CR0455,Creator_0455,Instagram,Travel,UK,4652,782,21.6,1903,32,5,2,0.74,4.74,50.0
CR0456,Creator_0456,YouTube,Comedy,USA,54751,206,27.1,96097,3187,316,120,6.53,12.09,387.48
CR0457,Creator_0457,Instagram,Fashion,USA,89428,50,17.9,114156,3272,267,94,4.94,1.55,506.68
CR0458,Creator_0458,YouTube,Lifestyle,India,49898,279,4.6,51137,3995,473,137,8.75,2.05,361.48
CR0459,Creator_0459,Instagram,Lifestyle,USA,61054,440,4.5,141442,1772,148,106,2.61,2.26,525.06
CR0460,Creator_0460,Instagram,Gaming,UAE,64439,548,21.9,51866,2495,264,121,4.79,8.85,208.26
CR0461,Creator_0461,Instagram,Beauty,UK,9028,570,6.3,10993,102,11,7,1.73,2.68,50.0
CR0462,Creator_0462,TikTok,Fitness,Germany,140076,323,10.5,332632,5138,580,267,3.49,10.72,1273.18
CR0463,Creator_0463,TikTok,Fitness,USA,15849,961,15.1,20554,842,48,37,4.31,3.66,83.86
CR0464,Creator_0464,TikTok,Fashion,UK,24925,963,1.7,39004,1005,28,65,3.98,6.9,164.49
CR0465,Creator_0465,Facebook,Food,Canada,18351,58,8.2,10436,651,24,49,4.92,7.74,50.0
CR0466,Creator_0466,YouTube,Food,UK,47347,508,12.8,97504,2768,71,96,6.94,1.94,465.27
CR0467,Creator_0467,Instagram,Tech,Australia,14490,663,9.1,18660,1138,34,31,6.71,0.63,120.81
CR0468,Creator_0468,X,Travel,India,29055,561,5.0,60465,713,27,37,3.11,6.49,329.54
CR0469,Creator_0469,Instagram,Education,USA,6498,689,22.1,6062,311,16,13,4.73,4.53,50.0
CR0470,Creator_0470,Facebook,Beauty,India,102679,297,24.6,132168,5996,445,475,6.55,7.24,516.4
CR0471,Creator_0471,Instagram,Comedy,USA,58183,222,8.5,119377,3191,290,135,7.08,0.79,303.45
CR0472,Creator_0472,Facebook,Education,USA,19223,85,23.5,47002,732,30,11,3.35,4.25,117.56
CR0473,Creator_0473,Instagram,Education,Canada,15685,127,12.2,8237,1093,95,85,6.36,4.86,74.12
CR0474,Creator_0474,Facebook,Lifestyle,Brazil,56461,287,15.7,118915,3268,295,225,5.53,-3.03,320.1
CR0475,Creator_0475,YouTube,Fashion,UK,11927,241,25.8,12302,231,17,5,2.45,8.98,84.76
CR0476,Creator_0476,Facebook,Fitness,Australia,31075,823,22.7,48370,1444,159,105,6.56,2.85,139.25
CR0477,Creator_0477,Instagram,Tech,USA,102294,549,24.3,103234,5225,162,176,5.13,10.75,585.7
CR0478,Creator_0478,YouTube,Food,Canada,10583,109,5.0,17866,100,5,3,0.97,3.08,50.0
CR0479,Creator_0479,Facebook,Fashion,India,41105,712,3.0,46982,1301,81,95,4.15,3.68,218.72
CR0480,Creator_0480,YouTube,Lifestyle,India,38680,274,26.9,42570,1293,42,60,4.89,1.15,247.74
CR0481,Creator_0481,TikTok,Comedy,USA,24054,474,12.2,11537,582,44,11,3.47,9.51,72.66
CR0482,Creator_0482,TikTok,Tech,USA,15072,272,9.3,10680,1408,84,50,7.5,7.09,75.19
CR0483,Creator_0483,YouTube,Lifestyle,India,108772,276,22.0,252988,9235,447,559,7.58,10.4,1000.94
CR0484,Creator_0484,TikTok,Fitness,India,13531,402,25.3,33778,644,23,14,3.96,4.77,73.33
CR0485,Creator_0485,TikTok,Fitness,India,3348,461,26.0,6826,95,5,4,3.72,5.35,50.0
CR0486,Creator_0486,Facebook,Fitness,Brazil,56196,877,10.2,56325,3108,251,182,4.51,-0.39,318.4
CR0487,Creator_0487,Instagram,Fashion,India,6758,618,25.7,8414,216,16,7,4.36,3.32,62.31
CR0488,Creator_0488,Instagram,Fashion,USA,59615,109,2.2,116425,1993,72,116,3.5,6.1,471.52
CR0489,Creator_0489,Facebook,Food,India,124883,768,2.4,303950,716,23,51,0.5,6.86,1225.84
CR0490,Creator_0490,Facebook,Food,UK,55504,409,19.1,75290,4133,93,177,8.66,11.88,467.51
CR0491,Creator_0491,YouTube,Comedy,India,92237,601,2.8,197571,4006,85,147,4.8,-0.98,983.76
CR0492,Creator_0492,TikTok,Tech,India,274596,63,10.4,672113,8802,950,242,4.41,6.3,1373.08
CR0493,Creator_0493,Instagram,Gaming,USA,81778,731,20.5,182716,3267,80,170,5.52,4.18,502.92
CR0494,Creator_0494,Instagram,Gaming,India,39346,683,10.8,34507,1857,172,132,4.62,5.76,148.69
CR0495,Creator_0495,YouTube,Lifestyle,India,176141,617,6.2,73427,7156,767,234,3.85,5.86,950.32
CR0496,Creator_0496,YouTube,Fitness,India,202398,38,9.2,290111,5852,174,220,2.59,4.83,972.48
CR0497,Creator_0497,TikTok,Tech,India,205682,120,14.3,311784,1538,97,59,0.76,1.53,1809.38
CR0498,Creator_0498,Instagram,Education,India,15275,933,14.8,12565,288,33,14,1.82,0.88,61.76
CR0499,Creator_0499,Facebook,Fashion,India,5669,626,23.7,5656,87,8,2,2.34,4.57,50.0
CR0500,Creator_0500,Facebook,Travel,UAE,14240,785,22.8,28577,662,45,44,6.23,0.53,94.69
CR0501,Creator_0501,TikTok,Beauty,UK,60426,376,14.2,83854,4791,461,147,6.39,5.1,495.86
CR0502,Creator_0502,YouTube,Comedy,USA,32306,561,25.5,34452,642,66,38,2.86,4.61,89.02
CR0503,Creator_0503,Instagram,Fitness,India,21216,780,4.3,36226,112,6,5,0.5,-3.08,84.78
CR0504,Creator_0504,X,Fitness,France,51254,957,8.4,90760,1866,203,95,4.82,12.27,404.46
CR0505,Creator_0505,TikTok,Fitness,USA,4957,52,25.0,9991,207,13,4,3.87,5.77,53.65
CR0506,Creator_0506,Instagram,Fashion,India,31645,989,12.0,23072,1297,94,79,3.82,-3.03,117.05
CR0507,Creator_0507,Facebook,Fashion,UK,97365,248,29.5,190561,5310,637,123,6.9,6.36,565.15
CR0508,Creator_0508,X,Beauty,India,50600,543,14.5,83935,2098,218,37,5.11,4.79,267.99
CR0509,Creator_0509,Facebook,Education,India,59610,649,24.0,31050,1647,92,79,2.65,0.89,88.19
CR0510,Creator_0510,TikTok,Tech,USA,168885,881,12.7,343281,3210,67,191,2.15,6.58,755.87
CR0511,Creator_0511,TikTok,Fitness,Germany,24932,174,13.3,30029,806,66,10,4.22,2.2,138.36
CR0512,Creator_0512,YouTube,Gaming,USA,12694,442,12.1,13884,388,35,5,2.81,6.18,96.22
CR0513,Creator_0513,Facebook,Food,Australia,105655,924,21.9,141678,3639,309,240,4.64,3.04,255.87
CR0514,Creator_0514,X,Gaming,Brazil,103444,265,16.9,116578,8496,992,566,7.06,2.33,677.67
CR0515,Creator_0515,Instagram,Lifestyle,India,51125,424,28.4,56769,862,91,23,1.76,5.45,196.47
CR0516,Creator_0516,Instagram,Gaming,India,22372,863,8.3,46913,796,51,42,4.99,-0.18,147.25
CR0517,Creator_0517,YouTube,Lifestyle,USA,26945,778,3.9,17823,1956,51,80,6.81,5.21,103.68
CR0518,Creator_0518,X,Travel,USA,6196,560,12.4,15107,274,18,14,4.61,7.8,63.21
CR0519,Creator_0519,Facebook,Food,USA,96750,180,18.9,151448,5124,455,360,6.39,9.95,546.14
CR0520,Creator_0520,Instagram,Gaming,Germany,92901,766,26.0,72847,3500,282,54,4.17,9.31,423.94
CR0521,Creator_0521,TikTok,Travel,Australia,5952,721,11.0,4020,255,18,16,5.18,10.24,50.0
CR0522,Creator_0522,YouTube,Comedy,UK,72968,136,20.0,119825,3401,227,151,5.77,3.91,501.96
CR0523,Creator_0523,Facebook,Tech,India,42818,290,11.2,74045,1134,55,56,3.54,1.91,274.52
CR0524,Creator_0524,X,Travel,Singapore,8305,789,18.9,4246,661,31,36,9.18,8.35,56.07
CR0525,Creator_0525,X,Tech,Brazil,6721,711,26.7,6118,326,22,24,6.07,3.69,50.0
CR0526,Creator_0526,YouTube,Gaming,Singapore,41337,506,7.7,85587,3360,121,46,7.67,5.52,396.25
CR0527,Creator_0527,YouTube,Education,India,17028,904,12.7,8585,1292,69,15,7.16,8.11,52.18
CR0528,Creator_0528,Instagram,Travel,Canada,218150,191,29.8,478988,11453,600,257,5.52,12.57,1665.32
CR0529,Creator_0529,Instagram,Food,India,80457,969,26.2,143385,7053,555,557,7.85,7.35,328.1
CR0530,Creator_0530,X,Gaming,India,46385,293,17.4,60870,2790,74,167,5.21,6.22,111.54
CR0531,Creator_0531,X,Fitness,India,49096,278,16.0,55356,1562,160,82,3.19,1.58,328.29
CR0532,Creator_0532,Facebook,Fashion,UK,124305,154,9.3,54746,6132,467,81,4.83,9.59,414.73
CR0533,Creator_0533,Facebook,Travel,Canada,71217,702,16.0,151902,1512,131,108,2.59,6.93,254.95
CR0534,Creator_0534,YouTube,Food,India,47797,741,25.6,33444,283,25,18,0.5,4.29,272.52
CR0535,Creator_0535,TikTok,Comedy,USA,8714,767,20.9,9150,169,8,9,2.92,3.92,51.42
CR0536,Creator_0536,Facebook,Fitness,USA,910035,441,9.4,1451619,38780,2599,1308,4.96,4.08,8569.92
CR0537,Creator_0537,X,Comedy,USA,7565,440,6.8,6933,585,67,8,7.14,5.65,50.0
CR0538,Creator_0538,Instagram,Gaming,India,18780,205,8.7,27118,382,36,19,2.92,0.39,153.67
CR0539,Creator_0539,YouTube,Fashion,USA,4012,948,5.9,8423,214,25,12,7.02,9.76,50.0
CR0540,Creator_0540,Instagram,Travel,Australia,49991,383,3.8,69393,1073,101,17,2.14,9.12,460.21
CR0541,Creator_0541,Facebook,Travel,India,32009,974,13.2,76592,877,32,47,2.78,4.91,162.57
CR0542,Creator_0542,TikTok,Education,India,64865,626,4.3,141389,5666,149,170,7.99,4.08,471.45
CR0543,Creator_0543,Instagram,Education,USA,3641,397,6.0,4002,202,15,12,4.9,5.42,50.0
CR0544,Creator_0544,TikTok,Gaming,France,96745,542,16.9,119956,3109,173,148,4.42,6.01,727.18
CR0545,Creator_0545,TikTok,Gaming,Canada,10630,599,5.8,13701,373,17,7,5.32,4.45,50.0
CR0546,Creator_0546,YouTube,Fashion,Canada,22666,910,2.9,38871,518,52,24,2.15,9.0,115.77
CR0547,Creator_0547,Instagram,Education,USA,78535,741,10.2,78713,2655,150,100,4.07,0.52,568.75
CR0548,Creator_0548,TikTok,Food,UK,36332,215,7.4,88483,1792,92,40,4.81,3.01,374.55
CR0549,Creator_0549,YouTube,Food,India,39408,900,15.9,66135,2191,230,150,7.51,8.21,257.02
CR0550,Creator_0550,TikTok,Fashion,Canada,67444,117,4.0,83545,709,74,7,1.13,6.63,451.96
CR0551,Creator_0551,YouTube,Food,France,44051,624,22.8,77288,3642,202,115,8.68,3.12,190.55
CR0552,Creator_0552,X,Lifestyle,UK,18173,41,27.3,22359,824,85,8,4.53,6.9,116.42
CR0553,Creator_0553,YouTube,Tech,Germany,22215,469,22.6,47037,502,52,8,2.36,2.72,135.99
CR0554,Creator_0554,YouTube,Fashion,Australia,34326,191,16.5,54662,637,39,19,1.96,4.41,220.81
CR0555,Creator_0555,X,Fashion,India,9605,402,26.0,4688,440,11,6,5.4,9.15,62.51
CR0556,Creator_0556,YouTube,Beauty,Germany,84576,153,21.2,65224,1077,21,55,1.84,8.77,491.68
CR0557,Creator_0557,Instagram,Fitness,India,37494,445,1.3,83104,941,68,15,3.57,6.51,154.95
CR0558,Creator_0558,Instagram,Fitness,USA,29319,44,12.4,46385,1134,61,67,4.25,1.82,232.87
CR0559,Creator_0559,TikTok,Lifestyle,India,106018,522,25.7,253989,6701,802,91,7.32,4.18,438.16
CR0560,Creator_0560,TikTok,Education,India,23432,204,11.0,12936,1583,153,22,7.04,5.84,138.15
CR0561,Creator_0561,TikTok,Gaming,USA,21812,104,2.0,22249,615,59,19,3.39,10.59,127.48
CR0562,Creator_0562,Instagram,Gaming,India,15408,586,22.6,12425,709,81,51,4.33,-0.74,50.0
CR0563,Creator_0563,Instagram,Comedy,USA,39915,782,24.3,62389,601,65,32,1.29,2.45,205.11
CR0564,Creator_0564,Instagram,Lifestyle,UK,38357,163,5.7,46176,159,8,10,0.5,9.45,268.05
CR0565,Creator_0565,YouTube,Fashion,India,12503,882,16.6,9130,201,7,4,2.1,10.26,69.54
CR0566,Creator_0566,TikTok,Lifestyle,India,21930,929,6.6,38372,1147,108,78,7.27,5.26,136.14
CR0567,Creator_0567,YouTube,Lifestyle,UK,12600,698,21.9,19230,837,48,8,6.52,10.88,63.43
CR0568,Creator_0568,YouTube,Lifestyle,India,11960,431,8.9,11684,618,41,15,5.64,2.93,83.31
CR0569,Creator_0569,Facebook,Fitness,Australia,3679,243,10.2,5178,44,5,2,1.59,0.22,50.0
CR0570,Creator_0570,YouTube,Lifestyle,Canada,20629,239,25.5,40557,694,76,25,3.23,8.27,152.15
CR0571,Creator_0571,YouTube,Tech,Singapore,3798,198,14.8,3156,81,5,6,2.91,10.03,50.0
CR0572,Creator_0572,TikTok,Gaming,Canada,15799,650,20.4,16037,687,67,8,4.43,9.97,50.07
CR0573,Creator_0573,YouTube,Comedy,USA,13298,452,12.7,14984,552,25,44,4.3,2.48,75.81
CR0574,Creator_0574,TikTok,Tech,Canada,90190,284,9.6,177505,2557,229,137,2.6,6.2,684.23
CR0575,Creator_0575,X,Comedy,India,8373,973,19.1,18240,318,6,15,5.57,8.44,69.21
CR0576,Creator_0576,Facebook,Beauty,India,11210,448,5.5,13344,702,75,9,5.3,6.55,65.85
CR0577,Creator_0577,Instagram,Comedy,UAE,17348,681,11.8,17745,594,13,17,3.2,10.56,92.17
CR0578,Creator_0578,Facebook,Gaming,USA,13805,435,7.1,31307,588,53,43,5.47,4.08,65.16
CR0579,Creator_0579,YouTube,Gaming,UAE,129915,472,21.2,324614,7178,176,249,7.27,5.25,863.34
CR0580,Creator_0580,Instagram,Lifestyle,Singapore,7263,746,28.4,13129,524,24,29,7.94,6.33,50.0
CR0581,Creator_0581,YouTube,Travel,Singapore,17390,216,29.9,43109,1166,81,93,5.88,8.41,124.23
CR0582,Creator_0582,Facebook,Beauty,France,39413,573,14.1,70388,2646,164,75,5.81,4.82,252.84
CR0583,Creator_0583,YouTube,Fashion,USA,74114,72,8.3,143800,3045,119,153,4.27,8.75,605.3
CR0584,Creator_0584,YouTube,Food,India,17373,499,13.8,21128,1432,76,84,7.07,11.12,82.81
CR0585,Creator_0585,TikTok,Comedy,UK,2963,462,25.6,3879,47,5,2,2.45,3.69,50.0
CR0586,Creator_0586,Instagram,Travel,USA,22637,349,7.0,15906,1034,89,21,6.81,4.92,144.17
CR0587,Creator_0587,Instagram,Lifestyle,UK,127367,270,28.6,271008,6358,172,266,4.17,8.89,482.58
CR0588,Creator_0588,Instagram,Fitness,Australia,37216,826,10.9,87652,3353,317,124,8.08,12.25,124.61
CR0589,Creator_0589,Instagram,Fashion,Canada,35308,909,29.6,60349,1979,50,118,6.09,7.73,190.48
CR0590,Creator_0590,Instagram,Education,USA,7923,802,25.3,8886,406,30,6,4.65,2.75,53.74
CR0591,Creator_0591,Instagram,Travel,India,7040,986,24.4,5092,368,16,28,4.28,6.19,50.0
CR0592,Creator_0592,TikTok,Fitness,USA,27467,944,10.2,26281,1822,143,20,5.96,8.86,124.46
CR0593,Creator_0593,Instagram,Beauty,India,5216,142,1.3,4884,352,16,18,5.85,2.66,50.0
CR0594,Creator_0594,YouTube,Lifestyle,Germany,66076,898,12.1,111563,2865,339,141,3.92,1.73,482.54
CR0595,Creator_0595,Facebook,Fashion,India,10161,406,9.8,24229,381,19,7,5.0,4.29,62.87
CR0596,Creator_0596,YouTube,Fashion,India,26151,358,2.1,13111,2036,89,41,6.77,7.81,94.71
CR0597,Creator_0597,TikTok,Fashion,India,3075,797,15.7,1236,42,5,2,1.8,0.71,50.0
CR0598,Creator_0598,Instagram,Beauty,Canada,17105,367,12.7,28400,1297,142,93,6.4,3.07,107.82
CR0599,Creator_0599,Instagram,Comedy,Canada,6879,48,19.4,6855,378,31,11,5.95,6.46,50.0
CR0600,Creator_0600,Instagram,Education,India,1862,994,19.0,4187,145,13,5,7.41,9.32,50.0
CR0601,Creator_0601,Instagram,Beauty,India,50167,54,4.5,54542,1536,171,53,3.23,6.52,287.66
CR0602,Creator_0602,Instagram,Food,USA,177607,537,29.3,179107,6034,670,90,4.81,6.81,1080.85
CR0603,Creator_0603,Instagram,Education,India,98606,415,6.4,95250,4267,400,243,5.25,9.02,398.62
CR0604,Creator_0604,Instagram,Gaming,Canada,58920,642,13.9,41490,4698,186,318,6.43,11.09,147.42
CR0605,Creator_0605,Instagram,Lifestyle,UK,16709,313,15.2,27088,1176,122,36,5.74,10.7,117.16
CR0606,Creator_0606,YouTube,Beauty,USA,67966,608,24.6,51195,1185,47,93,2.07,-1.64,389.72
CR0607,Creator_0607,Instagram,Fitness,India,109911,368,3.9,141974,7460,703,114,5.44,5.84,584.73
CR0608,Creator_0608,YouTube,Education,Brazil,31487,166,13.4,43075,3356,297,189,9.21,8.69,237.66
CR0609,Creator_0609,YouTube,Food,USA,6891,86,19.2,3052,430,41,17,6.15,11.45,50.0
CR0610,Creator_0610,TikTok,Gaming,Canada,15149,923,7.2,6594,857,62,35,8.4,7.74,56.94
CR0611,Creator_0611,Instagram,Comedy,India,190632,539,19.2,284508,16095,1349,676,7.09,2.49,1127.47
CR0612,Creator_0612,X,Fitness,USA,24687,141,27.8,45959,1895,218,53,7.8,2.96,211.94
CR0613,Creator_0613,TikTok,Education,India,1000,359,29.9,2378,64,5,3,5.48,3.05,50.0
CR0614,Creator_0614,Instagram,Lifestyle,USA,4967,194,1.9,3855,340,17,20,5.95,6.58,50.0
CR0615,Creator_0615,X,Fitness,Brazil,16512,919,7.8,10185,1017,82,30,5.36,3.82,82.0
CR0616,Creator_0616,Facebook,Gaming,USA,88539,710,10.0,45100,4552,529,311,4.81,-5.0,569.38
CR0617,Creator_0617,Instagram,Fitness,India,19651,616,12.6,25854,1042,30,33,6.43,1.38,99.03
CR0618,Creator_0618,Instagram,Tech,India,90453,470,8.0,154548,2811,62,170,3.65,3.95,621.98
CR0619,Creator_0619,X,Travel,USA,14689,576,6.9,31804,1097,28,20,8.95,0.73,55.5
CR0620,Creator_0620,TikTok,Comedy,India,2810,155,28.7,5152,51,5,2,2.76,1.25,50.0
CR0621,Creator_0621,Instagram,Gaming,India,15286,874,27.6,12802,1006,111,32,6.59,12.68,83.27
CR0622,Creator_0622,Instagram,Fitness,Australia,40002,35,2.4,54791,3349,308,172,7.83,5.47,180.57
CR0623,Creator_0623,YouTube,Travel,USA,36360,352,10.8,84054,1863,163,102,4.41,4.15,232.35
CR0624,Creator_0624,YouTube,Travel,India,6352,214,12.7,6899,109,7,4,2.35,7.84,50.0
CR0625,Creator_0625,TikTok,Fitness,Germany,17963,515,7.9,25998,1287,126,19,7.34,9.51,104.29
CR0626,Creator_0626,YouTube,Lifestyle,India,589703,28,19.2,1422945,20272,720,732,5.25,13.34,4564.99
CR0627,Creator_0627,YouTube,Tech,Brazil,6514,847,19.6,12655,303,17,17,6.59,11.47,50.0
CR0628,Creator_0628,TikTok,Beauty,India,57516,353,25.7,113321,1790,123,101,4.56,7.02,337.55
CR0629,Creator_0629,Instagram,Tech,Germany,2413,352,22.5,2243,225,6,4,8.61,0.14,50.0
CR0630,Creator_0630,Instagram,Fitness,UK,72646,346,16.7,92323,253,15,2,0.5,1.99,134.73
CR0631,Creator_0631,TikTok,Comedy,Singapore,9641,34,20.0,5523,586,30,36,5.63,4.09,50.0
CR0632,Creator_0632,Facebook,Beauty,Brazil,42719,858,8.9,71498,2647,62,46,7.75,7.27,271.98
CR0633,Creator_0633,YouTube,Gaming,India,6092,633,18.2,3763,360,12,5,5.03,5.83,50.0
CR0634,Creator_0634,YouTube,Tech,Brazil,37589,245,15.2,81019,2339,225,23,5.47,0.34,222.03
CR0635,Creator_0635,Instagram,Fitness,USA,9462,444,4.9,19970,446,9,17,3.85,-0.28,87.71
CR0636,Creator_0636,YouTube,Tech,USA,11821,809,8.0,17974,676,76,30,4.85,6.41,102.57
CR0637,Creator_0637,YouTube,Beauty,India,44724,427,9.5,31147,606,17,33,1.12,5.92,244.66
CR0638,Creator_0638,Instagram,Food,USA,16400,132,27.8,7440,615,61,18,3.22,4.77,85.24
CR0639,Creator_0639,Instagram,Education,India,41665,447,7.7,86375,1363,149,81,3.07,7.19,437.37
CR0640,Creator_0640,YouTube,Tech,UK,21601,20,9.4,35864,1018,116,22,6.27,9.86,133.37
CR0641,Creator_0641,Instagram,Gaming,USA,29074,285,11.7,55035,836,89,57,3.54,6.59,156.88
CR0642,Creator_0642,YouTube,Gaming,UAE,44884,510,20.2,46589,1260,61,63,3.61,2.2,247.1
CR0643,Creator_0643,Instagram,Fashion,Singapore,17988,227,4.4,26440,722,38,36,3.97,12.2,137.66
CR0644,Creator_0644,YouTube,Tech,USA,8557,641,28.7,16849,256,16,6,3.15,4.88,63.46
CR0645,Creator_0645,Instagram,Education,India,14586,731,26.1,20002,920,31,13,5.39,5.67,71.21
CR0646,Creator_0646,Facebook,Lifestyle,India,106341,971,17.7,176835,7313,162,311,5.63,3.21,653.35
CR0647,Creator_0647,TikTok,Travel,India,30748,388,20.5,63292,1817,194,96,6.62,1.74,281.29
CR0648,Creator_0648,TikTok,Education,India,10181,325,1.5,8673,605,45,10,6.24,2.02,72.04
CR0649,Creator_0649,TikTok,Travel,India,42693,31,10.8,22988,3168,256,242,6.02,1.26,135.15
CR0650,Creator_0650,YouTube,Travel,India,46099,364,24.1,69924,1534,172,120,4.08,-5.0,311.78
CR0651,Creator_0651,Instagram,Food,Brazil,48922,484,3.2,25951,2169,187,104,3.94,4.95,321.66
CR0652,Creator_0652,YouTube,Fashion,UK,8738,719,9.2,17561,197,17,15,2.88,9.36,73.05
CR0653,Creator_0653,TikTok,Education,India,12274,685,18.0,23447,369,36,8,2.84,2.05,50.0
CR0654,Creator_0654,TikTok,Education,UK,12352,513,8.4,27811,518,16,6,5.23,14.46,117.29
CR0655,Creator_0655,YouTube,Food,India,17769,387,28.1,30972,675,37,8,3.22,10.35,94.23
CR0656,Creator_0656,Instagram,Tech,USA,49998,865,4.8,27054,3962,462,202,8.03,5.44,189.66
CR0657,Creator_0657,Instagram,Tech,UK,37820,956,24.1,35233,1359,152,19,4.72,1.61,205.56
CR0658,Creator_0658,YouTube,Tech,USA,41419,439,15.7,86841,2632,285,202,8.1,-0.09,158.53
CR0659,Creator_0659,TikTok,Comedy,USA,127659,908,22.8,95869,7320,477,145,6.06,5.1,832.99
CR0660,Creator_0660,TikTok,Travel,Brazil,59410,810,10.0,110907,2252,238,70,3.09,5.74,296.99
CR0661,Creator_0661,YouTube,Comedy,Germany,22855,190,15.9,46590,1184,29,80,4.66,4.78,130.73
CR0662,Creator_0662,Facebook,Fashion,UK,6894,153,25.8,7536,72,5,2,1.12,9.24,50.0
CR0663,Creator_0663,TikTok,Food,UK,11828,984,14.5,12736,526,32,14,5.22,10.74,64.02
CR0664,Creator_0664,Instagram,Education,UK,19911,446,11.4,31287,641,43,35,3.29,7.15,120.4
CR0665,Creator_0665,Instagram,Travel,India,69807,44,16.5,154182,1802,83,52,2.35,7.34,759.61
CR0666,Creator_0666,Instagram,Comedy,USA,26070,549,21.8,22686,2380,132,60,8.15,4.4,194.98
CR0667,Creator_0667,Instagram,Comedy,India,12649,209,13.9,30062,755,27,20,7.07,5.48,118.61
CR0668,Creator_0668,Instagram,Fitness,USA,11581,160,28.2,19203,878,60,38,7.01,6.94,77.95
CR0669,Creator_0669,Instagram,Comedy,USA,24834,574,9.6,61674,1691,168,131,6.52,4.39,187.83
CR0670,Creator_0670,Instagram,Lifestyle,India,74868,865,14.8,44036,1908,164,130,2.08,7.81,493.6
CR0671,Creator_0671,Instagram,Education,Brazil,167656,815,23.0,111622,7943,244,237,3.92,1.8,887.2
CR0672,Creator_0672,Facebook,Lifestyle,Germany,21234,677,21.0,45354,966,66,34,4.05,2.94,184.09
CR0673,Creator_0673,Instagram,Education,Australia,25553,334,26.0,56625,288,25,12,1.04,1.84,210.78
CR0674,Creator_0674,YouTube,Food,USA,6660,463,29.9,8894,193,14,15,3.57,3.16,50.0
CR0675,Creator_0675,YouTube,Education,Germany,250213,338,13.4,475291,10427,616,230,3.6,4.49,1573.22
CR0676,Creator_0676,Facebook,Lifestyle,India,5371,460,4.2,11933,247,20,8,5.08,9.1,50.0
CR0677,Creator_0677,Instagram,Education,UAE,103508,111,1.9,50777,8730,1020,533,10.37,5.65,257.88
CR0678,Creator_0678,YouTube,Food,India,17674,198,22.1,28371,739,21,57,4.75,1.0,104.79
CR0679,Creator_0679,Facebook,Food,UAE,13503,75,26.3,29602,789,46,16,5.08,0.59,58.64
CR0680,Creator_0680,X,Fashion,India,7506,174,7.4,9278,235,14,6,4.25,4.04,54.32
CR0681,Creator_0681,X,Education,Germany,430006,691,5.6,445058,25499,1981,657,6.42,8.42,1798.53
CR0682,Creator_0682,Instagram,Fitness,France,34707,130,2.8,71877,800,28,9,2.44,10.41,175.39
CR0683,Creator_0683,Instagram,Tech,India,27569,156,24.9,30467,1661,62,86,8.97,-0.07,102.6
CR0684,Creator_0684,TikTok,Gaming,USA,74588,251,10.0,30332,2593,125,147,4.53,6.8,365.86
CR0685,Creator_0685,Facebook,Food,Brazil,12727,487,12.6,30737,573,66,29,3.93,4.09,127.01
CR0686,Creator_0686,YouTube,Beauty,USA,26960,751,15.6,44307,2145,200,32,6.93,4.37,153.45
CR0687,Creator_0687,TikTok,Tech,Germany,28703,500,25.3,60878,672,57,9,2.84,1.78,239.35
CR0688,Creator_0688,Instagram,Travel,UK,14928,87,19.9,31843,1119,113,27,6.38,4.73,115.93
CR0689,Creator_0689,TikTok,Education,USA,106893,833,18.8,57664,9387,307,284,7.89,1.62,259.93
CR0690,Creator_0690,Instagram,Lifestyle,India,20921,268,6.1,15874,804,85,52,4.27,4.57,57.46
CR0691,Creator_0691,YouTube,Gaming,India,4509,342,15.9,4749,461,36,9,9.32,9.52,50.0
CR0692,Creator_0692,YouTube,Beauty,UAE,19020,941,21.7,20417,1451,77,18,6.22,7.71,76.44
CR0693,Creator_0693,YouTube,Tech,USA,35830,923,29.2,63901,2068,210,77,6.24,12.2,302.48
CR0694,Creator_0694,Instagram,Education,USA,9628,537,6.8,16450,595,59,23,7.8,7.34,50.0
CR0695,Creator_0695,Instagram,Fashion,USA,10542,995,1.3,15166,1074,112,44,8.39,6.11,50.0
CR0696,Creator_0696,TikTok,Travel,UK,14354,811,3.2,12109,781,24,53,5.38,7.44,82.71
CR0697,Creator_0697,Instagram,Gaming,Germany,109581,451,11.9,131734,5118,598,86,6.55,2.78,717.81
CR0698,Creator_0698,TikTok,Fitness,Brazil,15363,506,24.8,23682,1201,139,71,7.87,-1.8,105.75
CR0699,Creator_0699,Instagram,Fashion,USA,139174,625,1.2,192445,2962,165,99,2.24,8.29,1069.66
CR0700,Creator_0700,YouTube,Beauty,Singapore,13263,448,14.2,8850,154,5,4,1.0,-0.78,50.0
CR0701,Creator_0701,YouTube,Gaming,UAE,39095,288,10.5,68962,1768,64,133,4.67,9.43,391.45
CR0702,Creator_0702,Instagram,Fashion,UK,16103,728,2.5,8911,121,14,3,0.94,8.13,68.0
CR0703,Creator_0703,YouTube,Travel,Brazil,64035,556,14.1,76471,2777,211,152,4.11,2.53,285.03
CR0704,Creator_0704,Instagram,Fitness,India,7435,167,8.4,14060,398,22,11,5.49,3.97,50.0
CR0705,Creator_0705,Instagram,Fashion,India,63214,137,11.2,27943,2091,102,95,4.19,5.46,280.57
CR0706,Creator_0706,Facebook,Comedy,Singapore,30667,869,21.5,48974,1368,62,88,4.49,2.27,135.53
CR0707,Creator_0707,YouTube,Fitness,USA,12887,386,16.1,14207,382,33,27,2.6,7.39,66.75
CR0708,Creator_0708,X,Beauty,Singapore,22222,869,4.6,9300,968,59,66,6.53,7.7,70.31
CR0709,Creator_0709,Instagram,Travel,Germany,156989,85,28.9,125560,3972,462,201,2.46,0.45,417.71
CR0710,Creator_0710,TikTok,Education,India,31524,989,19.4,74900,135,11,3,0.5,2.62,202.51
CR0711,Creator_0711,TikTok,Lifestyle,Germany,11990,832,23.2,17918,429,42,24,4.34,5.37,56.58
CR0712,Creator_0712,TikTok,Lifestyle,USA,6731,389,3.3,16788,405,19,24,6.81,9.49,50.0
CR0713,Creator_0713,YouTube,Lifestyle,USA,48108,194,2.4,72263,2048,57,22,4.98,7.78,323.17
CR0714,Creator_0714,YouTube,Gaming,UK,33698,850,1.6,51971,867,59,35,2.24,-2.66,194.06
CR0715,Creator_0715,YouTube,Beauty,France,59830,607,6.5,73164,2447,125,168,5.02,4.48,307.71
CR0716,Creator_0716,Facebook,Travel,India,5006,514,13.0,5261,314,12,13,5.76,7.15,50.0
CR0717,Creator_0717,X,Fitness,USA,6987,992,28.1,6485,246,28,7,5.0,2.7,50.0
CR0718,Creator_0718,Facebook,Gaming,Canada,100600,133,14.3,112791,5182,333,368,4.22,2.43,563.59
CR0719,Creator_0719,Instagram,Beauty,Australia,39381,130,9.4,53782,2365,88,49,5.87,2.89,273.21
CR0720,Creator_0720,TikTok,Education,Canada,49682,780,17.3,39903,522,20,12,0.98,4.42,185.35
CR0721,Creator_0721,Facebook,Comedy,India,8892,458,4.2,7755,208,9,12,2.83,2.07,50.0
CR0722,Creator_0722,Instagram,Travel,India,8706,734,18.7,8446,150,17,5,1.93,7.81,55.54
CR0723,Creator_0723,Instagram,Lifestyle,USA,84115,166,17.5,113003,5125,239,307,7.77,2.49,284.03
CR0724,Creator_0724,TikTok,Fashion,UAE,88799,54,24.0,157254,6841,361,143,6.37,1.87,626.18
CR0725,Creator_0725,TikTok,Travel,India,7695,328,29.6,16912,378,32,10,5.21,4.1,61.67
CR0726,Creator_0726,X,Food,India,6177,557,8.3,6195,102,5,2,1.61,10.68,50.0
CR0727,Creator_0727,Instagram,Beauty,Brazil,23744,769,15.8,18658,1667,69,127,6.44,7.34,96.99
CR0728,Creator_0728,X,Tech,India,10729,33,27.4,12827,734,26,28,7.85,7.56,50.0
CR0729,Creator_0729,Instagram,Education,Brazil,10475,393,23.8,23864,686,35,23,6.06,6.5,50.0
CR0730,Creator_0730,Instagram,Comedy,Canada,6379,576,15.1,2683,317,9,3,4.72,2.19,50.0
CR0731,Creator_0731,Instagram,Education,Singapore,15698,447,28.4,28625,1043,22,21,6.19,3.26,152.17
CR0732,Creator_0732,X,Travel,India,7130,747,2.7,9996,363,36,14,5.4,2.67,50.0
CR0733,Creator_0733,TikTok,Tech,India,7633,252,28.0,5634,459,15,6,6.84,9.32,50.0
CR0734,Creator_0734,YouTube,Food,Australia,37916,724,2.5,40727,2016,196,92,6.79,6.53,186.45
CR0735,Creator_0735,YouTube,Fitness,Singapore,25248,582,16.9,22026,1245,124,52,4.31,-0.34,173.91
CR0736,Creator_0736,X,Fashion,Australia,46986,958,26.8,105410,1597,117,101,3.35,10.58,394.47
CR0737,Creator_0737,YouTube,Tech,India,4038,906,8.6,5701,145,7,8,3.92,4.34,50.0
CR0738,Creator_0738,X,Beauty,Australia,27210,745,14.7,43059,1979,68,81,5.98,7.79,232.05
CR0739,Creator_0739,YouTube,Lifestyle,UAE,292723,682,10.4,482039,8046,753,206,4.05,9.18,1434.67
CR0740,Creator_0740,YouTube,Food,Canada,17533,459,28.6,30563,640,51,38,3.15,-3.47,79.88
CR0741,Creator_0741,YouTube,Fashion,UAE,69456,521,24.9,100062,4162,356,247,4.8,7.09,555.25
CR0742,Creator_0742,Instagram,Comedy,Singapore,68762,294,21.6,30085,5885,122,122,7.24,4.62,378.66
CR0743,Creator_0743,TikTok,Lifestyle,UK,72764,869,18.0,80252,4216,475,312,5.1,-2.98,254.12
CR0744,Creator_0744,YouTube,Travel,India,32586,95,24.8,25616,1194,31,17,4.19,1.54,94.81
CR0745,Creator_0745,Instagram,Tech,USA,51585,458,12.4,94312,2237,126,30,5.5,3.91,459.18
CR0746,Creator_0746,Facebook,Fashion,India,60106,751,14.0,31199,3265,196,75,4.98,8.46,206.74
CR0747,Creator_0747,YouTube,Gaming,USA,55868,879,22.2,88494,255,5,18,0.55,4.88,500.69
CR0748,Creator_0748,YouTube,Fitness,USA,7442,975,11.4,6268,355,24,16,6.33,6.02,50.0
CR0749,Creator_0749,Facebook,Fitness,India,3776,718,2.9,9034,241,22,15,5.7,4.25,50.0
CR0750,Creator_0750,TikTok,Food,India,4506,308,3.2,4977,182,18,4,4.84,9.31,50.0
CR0751,Creator_0751,Instagram,Comedy,India,19718,934,4.3,21353,1687,182,74,7.14,7.32,105.32
CR0752,Creator_0752,Facebook,Food,UAE,53263,559,26.2,124587,4592,315,161,7.47,6.07,471.86
CR0753,Creator_0753,TikTok,Gaming,France,7554,910,14.7,9642,574,47,39,6.56,1.5,50.0
CR0754,Creator_0754,YouTube,Beauty,India,77852,711,21.7,188558,2538,70,29,2.93,5.92,818.48
CR0755,Creator_0755,Instagram,Comedy,Brazil,15098,272,12.4,6805,535,36,14,3.01,15.24,50.0
CR0756,Creator_0756,X,Education,USA,15265,145,8.5,15926,1256,44,25,7.26,8.28,58.09
CR0757,Creator_0757,TikTok,Beauty,India,10285,196,11.1,18502,69,5,4,0.67,2.91,69.35
CR0758,Creator_0758,YouTube,Comedy,India,3079,56,24.0,6991,113,5,4,4.47,11.98,50.0
CR0759,Creator_0759,Facebook,Comedy,USA,35021,429,19.1,32865,2390,149,91,5.77,2.76,204.05
CR0760,Creator_0760,TikTok,Gaming,UAE,192830,630,28.2,453922,2114,163,87,0.95,8.0,2020.05
CR0761,Creator_0761,Instagram,Travel,Australia,25032,629,20.7,41244,1243,137,96,5.32,5.34,160.61
CR0762,Creator_0762,Instagram,Gaming,India,3202,146,17.5,6666,148,8,10,6.9,6.14,50.0
CR0763,Creator_0763,Instagram,Comedy,India,65998,502,18.7,81450,1043,123,62,1.53,6.27,518.58
CR0764,Creator_0764,TikTok,Fashion,USA,4152,187,28.3,3510,238,22,7,8.45,4.63,50.0
CR0765,Creator_0765,Instagram,Beauty,India,6698,611,23.9,15496,208,14,4,2.58,4.14,50.0
CR0766,Creator_0766,YouTube,Gaming,India,20453,313,1.7,48260,1520,128,113,6.06,0.89,220.35
CR0767,Creator_0767,TikTok,Travel,India,30985,864,16.5,44770,1093,33,43,4.62,1.56,175.14
CR0768,Creator_0768,X,Tech,UAE,8434,657,21.0,3488,440,45,12,4.95,6.67,50.02
CR0769,Creator_0769,YouTube,Food,France,19556,362,22.7,12330,273,21,11,1.98,3.11,50.0
CR0770,Creator_0770,X,Comedy,USA,61232,329,7.2,98176,5041,597,374,7.57,2.31,527.44
CR0771,Creator_0771,Instagram,Education,Germany,71682,681,26.1,32251,3396,284,125,5.52,15.4,331.64
CR0772,Creator_0772,X,Tech,India,113456,547,28.7,139949,10053,1039,496,8.37,14.21,532.58
CR0773,Creator_0773,Instagram,Fitness,USA,241791,559,7.9,250755,4288,428,283,2.03,7.53,920.2
CR0774,Creator_0774,YouTube,Lifestyle,India,68280,438,26.6,129740,2215,120,88,4.4,8.03,373.23
CR0775,Creator_0775,X,Travel,Canada,20968,463,3.8,10834,985,45,25,5.26,2.66,89.02
CR0776,Creator_0776,Instagram,Education,Brazil,72273,704,2.6,103085,2556,161,203,4.93,1.35,298.81
CR0777,Creator_0777,Instagram,Lifestyle,UK,46015,577,4.7,74366,2873,191,221,6.27,4.31,267.01
CR0778,Creator_0778,TikTok,Travel,USA,48161,859,2.7,81696,1419,62,97,4.37,5.5,215.67
CR0779,Creator_0779,TikTok,Fashion,Canada,32984,255,25.5,41257,3018,330,175,9.47,8.0,118.37
CR0780,Creator_0780,TikTok,Food,India,9425,458,2.7,9794,544,40,16,4.89,-0.91,50.0
CR0781,Creator_0781,TikTok,Tech,Germany,8247,233,8.9,15118,47,5,3,0.5,13.02,50.0
CR0782,Creator_0782,YouTube,Beauty,USA,24060,104,4.0,52448,1416,143,41,4.99,6.37,69.9
CR0783,Creator_0783,Instagram,Travel,USA,31928,813,9.6,59277,2911,219,192,7.58,0.07,223.15
CR0784,Creator_0784,YouTube,Beauty,UK,12315,763,3.6,29031,243,27,18,2.77,6.05,130.0
CR0785,Creator_0785,Instagram,Food,UK,43776,104,20.4,83448,837,58,43,2.63,2.34,310.9
CR0786,Creator_0786,Facebook,Comedy,India,294454,940,4.9,590586,8549,929,566,2.95,2.1,2866.1
CR0787,Creator_0787,TikTok,Fitness,Canada,3619,508,25.7,2723,104,5,6,2.43,1.78,50.0
CR0788,Creator_0788,YouTube,Tech,India,52553,84,24.7,67322,2433,140,57,3.75,4.6,464.9
CR0789,Creator_0789,YouTube,Food,Australia,24937,665,1.4,35376,1149,71,65,6.8,12.86,127.2
CR0790,Creator_0790,Facebook,Food,Singapore,45172,682,27.0,42381,3182,237,52,8.16,5.82,282.11
CR0791,Creator_0791,Instagram,Fashion,UAE,16394,646,1.8,24753,63,5,2,0.5,7.93,104.29
CR0792,Creator_0792,TikTok,Lifestyle,UK,22743,83,7.9,22985,996,69,21,3.97,8.78,50.0
CR0793,Creator_0793,YouTube,Fitness,USA,31223,362,1.9,57567,1766,89,69,5.47,4.99,214.37
CR0794,Creator_0794,TikTok,Tech,India,19017,958,10.7,26388,720,81,49,5.25,1.44,86.09
CR0795,Creator_0795,Instagram,Comedy,UAE,4681,894,15.9,6382,395,31,31,8.98,-0.1,50.0
CR0796,Creator_0796,X,Comedy,India,20557,938,24.1,50686,109,6,3,0.5,4.14,180.76
CR0797,Creator_0797,Facebook,Gaming,USA,5276,371,10.8,6458,29,5,2,0.5,9.5,50.0
CR0798,Creator_0798,YouTube,Food,India,57020,177,21.5,66189,3525,341,161,9.34,8.77,203.26
CR0799,Creator_0799,TikTok,Travel,India,3148,608,6.4,3365,240,27,18,6.46,6.4,50.0
CR0800,Creator_0800,Facebook,Fashion,UK,87811,510,22.8,200118,3082,215,134,3.54,6.86,635.2
CR0801,Creator_0801,TikTok,Fitness,India,44090,677,7.8,63627,2597,81,153,5.18,5.02,391.63
CR0802,Creator_0802,Instagram,Comedy,Australia,44284,874,5.2,73512,2683,171,199,5.34,3.81,327.24
CR0803,Creator_0803,TikTok,Tech,India,2232,482,6.4,1740,59,5,2,3.49,2.92,50.0
CR0804,Creator_0804,TikTok,Gaming,India,18436,244,6.3,28317,674,73,49,5.11,0.35,110.49
CR0805,Creator_0805,YouTube,Tech,USA,101376,936,15.9,99020,6125,364,454,5.58,11.79,496.03
CR0806,Creator_0806,TikTok,Fashion,India,14818,332,25.5,28663,1017,117,76,9.23,6.1,106.62
CR0807,Creator_0807,Facebook,Travel,India,7787,634,3.3,16728,625,42,18,6.92,3.95,50.0
CR0808,Creator_0808,Facebook,Gaming,Australia,12936,938,21.5,24592,1212,142,46,8.63,11.87,103.06
CR0809,Creator_0809,YouTube,Gaming,India,24871,878,20.0,48088,528,10,37,1.84,12.54,264.59
CR0810,Creator_0810,Instagram,Lifestyle,Singapore,10106,832,26.3,14918,338,37,11,4.04,15.11,79.79
CR0811,Creator_0811,Facebook,Fitness,India,111178,959,8.1,210732,4977,562,258,5.33,4.63,601.11
CR0812,Creator_0812,X,Gaming,India,24975,485,14.1,32158,149,17,2,0.57,5.87,116.63
CR0813,Creator_0813,Instagram,Lifestyle,Australia,14201,107,27.8,25109,702,14,9,7.4,7.78,53.22
CR0814,Creator_0814,Facebook,Lifestyle,India,6023,902,20.1,5685,406,15,15,6.21,11.32,50.0
CR0815,Creator_0815,X,Fashion,India,46962,322,12.3,25664,2157,184,108,3.99,5.72,292.89
CR0816,Creator_0816,YouTube,Beauty,USA,45748,699,4.8,58021,1809,40,67,4.4,2.06,154.12
CR0817,Creator_0817,TikTok,Tech,India,10817,454,8.6,14816,906,23,45,7.56,2.86,50.0
CR0818,Creator_0818,YouTube,Travel,Singapore,2055,701,17.9,1928,47,5,2,3.05,9.62,50.0
CR0819,Creator_0819,Instagram,Education,India,43147,154,21.8,83195,2783,198,161,7.65,7.67,360.15
CR0820,Creator_0820,YouTube,Tech,UAE,21702,69,4.6,12032,1138,84,63,4.25,4.89,146.78
CR0821,Creator_0821,X,Gaming,Germany,39595,451,18.4,34359,3176,74,126,6.46,4.66,204.71
CR0822,Creator_0822,Instagram,Travel,USA,255442,359,17.0,503728,12205,452,485,4.99,4.89,1839.77
CR0823,Creator_0823,YouTube,Comedy,Germany,26085,366,15.9,34379,3066,214,60,9.71,9.84,123.42
CR0824,Creator_0824,YouTube,Beauty,USA,14899,665,21.0,28026,409,32,18,2.85,2.74,50.0
CR0825,Creator_0825,YouTube,Comedy,Brazil,7190,366,25.3,11444,209,7,10,3.54,1.25,58.38
CR0826,Creator_0826,Facebook,Comedy,India,18783,668,10.4,45013,226,13,9,1.49,11.86,91.91
CR0827,Creator_0827,YouTube,Fitness,Canada,32359,264,26.8,53566,934,103,30,2.39,5.59,96.02
CR0828,Creator_0828,YouTube,Tech,USA,28604,128,5.7,12334,1372,164,83,6.37,5.22,164.93
CR0829,Creator_0829,TikTok,Education,USA,195240,844,6.0,222777,16207,1924,246,8.32,7.85,714.22
CR0830,Creator_0830,YouTube,Fashion,Canada,47760,818,8.7,33452,3108,336,230,6.62,2.04,315.09
CR0831,Creator_0831,Instagram,Education,Australia,23039,552,4.5,53951,1207,71,13,4.79,8.13,113.27
CR0832,Creator_0832,YouTube,Comedy,India,11937,109,7.7,7382,320,28,24,2.83,4.16,70.6
CR0833,Creator_0833,Instagram,Gaming,India,36558,315,4.1,44388,2016,124,85,6.78,9.44,167.84
CR0834,Creator_0834,Instagram,Beauty,Australia,9480,131,24.8,8293,193,16,7,2.71,0.13,61.81
CR0835,Creator_0835,YouTube,Food,Canada,33084,832,5.0,72060,619,31,17,1.83,7.08,214.78
CR0836,Creator_0836,YouTube,Education,Brazil,47123,608,22.7,49384,2099,169,22,4.12,4.69,198.32
CR0837,Creator_0837,Facebook,Comedy,UAE,20974,196,2.4,52077,104,7,3,0.5,3.03,216.15
CR0838,Creator_0838,YouTube,Beauty,Brazil,13032,362,28.5,6269,250,5,4,1.76,8.2,50.0
CR0839,Creator_0839,TikTok,Travel,Australia,2179,679,21.6,1458,143,14,8,8.95,4.98,50.0
CR0840,Creator_0840,TikTok,Tech,India,100248,120,1.2,87390,1596,33,51,1.35,7.13,697.01
CR0841,Creator_0841,Instagram,Lifestyle,India,42778,777,23.2,89975,936,46,59,2.19,9.93,432.58
CR0842,Creator_0842,TikTok,Fitness,UAE,43991,648,15.9,98754,1584,32,38,4.96,8.27,124.08
CR0843,Creator_0843,Instagram,Beauty,Canada,4466,623,23.6,2456,209,12,15,5.07,1.72,50.0
CR0844,Creator_0844,Facebook,Gaming,India,131506,420,16.2,61566,6511,171,303,4.28,3.6,237.83
CR0845,Creator_0845,Instagram,Gaming,USA,15756,47,19.6,30937,93,10,2,0.5,7.11,72.97
CR0846,Creator_0846,YouTube,Beauty,Brazil,19300,956,23.8,13124,1041,64,39,6.67,8.28,128.69
CR0847,Creator_0847,Instagram,Gaming,USA,7866,981,12.7,5343,324,21,7,3.83,4.13,50.0
CR0848,Creator_0848,Facebook,Tech,USA,3446,556,1.1,1540,183,10,4,7.48,6.19,50.0
CR0849,Creator_0849,YouTube,Gaming,USA,101818,77,25.6,51377,2306,190,104,3.38,6.17,724.97
CR0850,Creator_0850,TikTok,Education,India,118135,517,12.0,112667,8109,798,462,6.96,6.66,505.85
CR0851,Creator_0851,Instagram,Lifestyle,USA,22239,316,15.4,11931,1815,153,133,7.65,1.37,106.24
CR0852,Creator_0852,TikTok,Gaming,USA,12316,153,1.2,14466,523,49,23,3.77,0.55,67.04
CR0853,Creator_0853,Instagram,Lifestyle,India,17437,350,15.3,37469,1003,110,77,6.74,-2.41,136.91
CR0854,Creator_0854,Facebook,Comedy,UAE,17996,268,29.6,19530,221,23,16,1.88,5.87,103.04
CR0855,Creator_0855,Instagram,Fashion,USA,6769,569,9.1,13053,341,29,24,5.38,0.73,50.0
CR0856,Creator_0856,Instagram,Tech,Singapore,19223,921,12.5,11480,949,39,42,7.49,12.98,64.2
CR0857,Creator_0857,Instagram,Fashion,Singapore,32082,960,20.9,57256,1343,112,26,5.94,7.79,145.35
CR0858,Creator_0858,YouTube,Comedy,India,86758,94,24.6,92411,7405,522,187,10.09,1.36,195.91
CR0859,Creator_0859,YouTube,Tech,Canada,27347,673,13.1,53996,1511,138,83,6.06,9.47,211.67
CR0860,Creator_0860,Instagram,Beauty,USA,4390,853,10.0,3012,143,14,5,4.0,9.48,50.0
CR0861,Creator_0861,TikTok,Beauty,Germany,40399,187,28.2,92334,4460,420,90,11.05,9.77,180.48
CR0862,Creator_0862,YouTube,Lifestyle,India,20043,790,20.6,18227,1148,120,49,8.39,2.67,94.89
CR0863,Creator_0863,YouTube,Comedy,Canada,130088,522,4.5,148507,1217,32,13,1.27,8.01,908.44
CR0864,Creator_0864,YouTube,Lifestyle,UK,139229,904,3.0,333506,4561,105,279,3.07,9.82,422.63
CR0865,Creator_0865,YouTube,Fitness,India,144946,374,15.0,234060,2685,123,40,2.52,11.0,931.12
CR0866,Creator_0866,YouTube,Gaming,India,14103,244,7.4,16473,906,99,48,6.22,0.17,79.28
CR0867,Creator_0867,Instagram,Food,Canada,265224,683,8.4,634989,10974,1123,718,6.06,4.74,2085.44
CR0868,Creator_0868,Instagram,Fitness,Australia,40278,550,26.5,43945,2175,191,41,6.04,2.55,279.31
CR0869,Creator_0869,X,Gaming,India,174614,165,3.6,104633,1598,143,73,1.21,12.02,927.91
CR0870,Creator_0870,Facebook,Tech,Canada,15093,979,21.7,37632,367,34,23,3.4,7.22,50.0
CR0871,Creator_0871,YouTube,Lifestyle,USA,19084,260,8.9,18367,844,96,23,4.47,8.62,50.0
CR0872,Creator_0872,Instagram,Tech,Australia,36869,903,23.0,80656,351,36,7,0.79,7.17,358.85
CR0873,Creator_0873,TikTok,Tech,India,32037,912,21.9,23952,630,51,21,2.88,6.81,113.8
CR0874,Creator_0874,YouTube,Gaming,Germany,113895,363,1.2,220482,8000,692,390,7.78,2.48,754.88
CR0875,Creator_0875,Instagram,Comedy,India,20600,768,15.8,30927,305,12,15,1.38,3.94,109.24
CR0876,Creator_0876,Instagram,Gaming,USA,102673,54,5.0,252565,7619,653,145,8.0,5.75,556.26
CR0877,Creator_0877,TikTok,Travel,India,62446,721,26.1,97474,5098,318,214,7.2,3.23,194.04
CR0878,Creator_0878,TikTok,Beauty,India,21048,20,26.3,9524,663,23,19,4.16,2.58,85.28
CR0879,Creator_0879,Instagram,Beauty,USA,57118,172,13.1,95281,2359,237,162,3.37,4.78,347.63
CR0880,Creator_0880,Instagram,Fitness,India,15611,448,13.9,11008,911,64,29,6.63,3.38,93.58
CR0881,Creator_0881,Instagram,Beauty,Singapore,401409,964,9.8,833700,10535,1240,723,3.07,5.67,4634.02
CR0882,Creator_0882,TikTok,Gaming,India,1256,527,21.8,2761,46,5,2,3.18,3.95,50.0
CR0883,Creator_0883,Instagram,Education,USA,58330,145,11.4,82385,2738,186,166,4.75,3.1,288.53
CR0884,Creator_0884,Instagram,Lifestyle,India,3535,510,8.8,7228,16,5,2,0.5,2.25,50.0
CR0885,Creator_0885,X,Gaming,India,20754,501,13.5,14626,362,11,19,1.61,5.52,148.63
CR0886,Creator_0886,Instagram,Gaming,India,24380,364,3.7,34945,999,62,37,4.11,8.61,162.06
CR0887,Creator_0887,TikTok,Food,USA,152326,931,22.7,186947,6661,324,424,5.85,7.78,581.27
CR0888,Creator_0888,Instagram,Lifestyle,USA,12137,757,1.4,20435,389,14,15,3.04,0.16,69.96
CR0889,Creator_0889,Instagram,Travel,USA,121080,240,19.7,59741,3863,186,162,4.37,8.51,583.39
CR0890,Creator_0890,Instagram,Beauty,USA,6935,934,6.3,13727,98,5,4,1.25,7.75,50.0
CR0891,Creator_0891,TikTok,Lifestyle,UK,126585,938,7.7,71668,10785,1007,735,6.85,8.61,857.45
CR0892,Creator_0892,X,Beauty,India,15591,742,19.4,27729,721,16,40,5.28,9.29,67.24
CR0893,Creator_0893,X,Fitness,USA,29273,44,29.8,12843,1470,120,50,5.48,2.95,71.12
CR0894,Creator_0894,YouTube,Lifestyle,Brazil,18272,547,23.6,39229,727,69,41,5.87,4.45,128.33
CR0895,Creator_0895,TikTok,Beauty,USA,117561,201,7.5,90153,3845,261,211,4.97,11.77,248.63
CR0896,Creator_0896,Instagram,Travel,Canada,93985,518,6.1,139336,4228,478,317,3.74,11.56,585.03
CR0897,Creator_0897,Instagram,Fashion,India,44802,860,26.1,42523,2374,215,163,7.29,5.23,235.5
CR0898,Creator_0898,Facebook,Tech,UAE,7153,660,13.9,13716,337,31,18,5.15,7.61,50.0
CR0899,Creator_0899,Instagram,Tech,UAE,11822,61,5.0,12706,597,23,20,4.44,7.92,68.55
CR0900,Creator_0900,Instagram,Travel,USA,8243,934,26.0,15840,466,45,30,4.78,11.65,78.61
CR0901,Creator_0901,Instagram,Food,Brazil,2027,500,24.7,2023,92,9,4,4.73,6.71,50.0
CR0902,Creator_0902,Instagram,Fashion,India,114750,949,29.5,227227,5004,280,395,4.41,1.26,1214.5
CR0903,Creator_0903,Instagram,Fitness,India,18453,867,27.4,8567,1121,46,30,5.78,3.83,116.67
CR0904,Creator_0904,TikTok,Travel,UAE,18228,767,25.7,18136,612,35,9,2.74,16.47,85.55
CR0905,Creator_0905,YouTube,Tech,UAE,150319,891,2.5,217531,4409,414,65,2.9,1.09,658.1
CR0906,Creator_0906,Facebook,Tech,India,15562,458,4.0,7697,924,57,50,6.03,5.68,102.6
CR0907,Creator_0907,X,Tech,India,10233,421,17.5,8090,301,28,22,4.48,13.6,50.0
CR0908,Creator_0908,YouTube,Comedy,India,20775,565,16.4,49081,1007,31,10,6.94,2.7,138.79
CR0909,Creator_0909,Instagram,Travel,India,7313,364,14.3,17926,415,41,25,5.7,-4.04,59.25
CR0910,Creator_0910,YouTube,Gaming,UAE,39974,912,12.5,78088,1734,78,97,3.58,-3.4,357.54
CR0911,Creator_0911,TikTok,Fitness,USA,17505,64,13.5,16272,1243,55,76,6.07,2.72,97.97
CR0912,Creator_0912,Instagram,Tech,India,15012,665,17.5,14217,1382,109,48,7.43,-0.67,63.88
CR0913,Creator_0913,TikTok,Beauty,USA,13588,40,1.1,23862,759,20,51,5.78,9.13,127.73
CR0914,Creator_0914,YouTube,Travel,India,23809,653,8.6,15403,1673,37,21,6.26,6.44,124.2
CR0915,Creator_0915,YouTube,Comedy,India,29614,89,16.0,70820,1510,69,94,4.42,-1.97,251.38
CR0916,Creator_0916,YouTube,Travel,Canada,14794,883,21.9,12901,1072,79,30,6.98,-0.08,97.03
CR0917,Creator_0917,Instagram,Fitness,Brazil,17808,892,6.1,44506,534,59,23,3.52,9.84,175.7
CR0918,Creator_0918,Facebook,Comedy,Singapore,24495,67,16.9,35298,1264,132,85,5.54,6.18,190.72
CR0919,Creator_0919,TikTok,Fitness,India,21812,510,21.7,44060,2654,183,76,10.45,10.52,216.4
CR0920,Creator_0920,Instagram,Travel,Germany,27882,570,13.9,11280,1384,32,31,5.99,9.42,73.01
CR0921,Creator_0921,X,Gaming,UAE,12355,306,1.8,28000,575,42,33,3.87,1.47,50.0
CR0922,Creator_0922,YouTube,Fitness,UAE,85415,29,14.0,82596,2604,235,123,3.87,8.59,535.57
CR0923,Creator_0923,Facebook,Comedy,USA,30072,561,9.6,54209,1534,82,70,4.64,7.47,108.59
CR0924,Creator_0924,X,Comedy,USA,15071,775,28.0,31548,1033,32,28,6.67,-1.37,88.94
CR0925,Creator_0925,YouTube,Fitness,India,39976,293,4.6,29770,2250,107,27,5.12,0.73,125.85
CR0926,Creator_0926,Instagram,Education,India,24697,975,19.9,32828,759,73,29,3.37,14.03,102.44
CR0927,Creator_0927,Instagram,Travel,India,3663,619,2.5,5263,149,8,2,3.37,2.25,50.0
CR0928,Creator_0928,YouTube,Education,India,39818,775,13.9,42025,2102,212,154,5.13,6.94,128.75
CR0929,Creator_0929,TikTok,Food,USA,8329,400,17.1,11757,335,17,4,4.89,4.83,73.24
CR0930,Creator_0930,Instagram,Travel,Australia,78793,348,9.6,84059,4721,171,189,5.8,6.14,393.7
CR0931,Creator_0931,Instagram,Fitness,USA,20373,498,14.2,23583,1142,72,15,6.82,5.06,104.62
CR0932,Creator_0932,X,Fashion,India,65978,34,5.7,119129,5887,383,98,10.8,8.88,260.85
CR0933,Creator_0933,Facebook,Fitness,Brazil,13033,535,9.8,22526,183,5,10,1.58,8.79,110.24
CR0934,Creator_0934,YouTube,Education,France,29156,210,19.0,25883,2136,67,118,6.31,5.91,193.33
CR0935,Creator_0935,Instagram,Gaming,UAE,108204,187,9.8,247215,5161,198,63,5.02,2.33,847.21
CR0936,Creator_0936,Instagram,Fitness,Brazil,19744,540,27.1,43670,154,5,2,0.74,3.51,136.53
CR0937,Creator_0937,Instagram,Fitness,USA,13637,640,19.2,20033,911,49,14,7.55,-0.02,77.02
CR0938,Creator_0938,Facebook,Gaming,Brazil,57142,156,13.7,74846,2646,308,167,5.73,4.33,517.4
CR0939,Creator_0939,Instagram,Fitness,India,55882,173,2.1,66577,4482,317,228,6.56,-0.68,299.79
CR0940,Creator_0940,TikTok,Tech,USA,14313,407,15.5,26983,153,12,2,1.06,6.27,120.0
CR0941,Creator_0941,Instagram,Fashion,India,2742,228,23.2,4964,143,7,6,4.32,6.54,50.0
CR0942,Creator_0942,YouTube,Beauty,India,13339,291,8.7,10830,250,13,14,2.43,9.02,52.54
CR0943,Creator_0943,TikTok,Fashion,India,58627,162,24.4,106118,4137,92,293,9.56,1.23,530.33
CR0944,Creator_0944,X,Fitness,UK,11033,630,8.3,10261,939,65,70,7.32,1.47,50.0
CR0945,Creator_0945,Instagram,Tech,UAE,26566,908,24.9,11661,928,63,30,3.3,10.84,131.2
CR0946,Creator_0946,Instagram,Travel,UK,12630,839,3.5,23597,136,5,2,1.42,0.71,109.51
CR0947,Creator_0947,Instagram,Fitness,India,2916,88,26.1,5114,123,11,3,5.23,12.68,50.0
CR0948,Creator_0948,Facebook,Education,UAE,12372,266,15.5,15622,1006,69,64,7.2,2.27,53.22
CR0949,Creator_0949,X,Tech,Canada,58343,280,9.6,87744,527,28,41,0.98,2.29,278.67
CR0950,Creator_0950,TikTok,Gaming,USA,1762,807,8.7,4209,50,5,2,2.75,8.45,50.0
CR0951,Creator_0951,TikTok,Tech,Canada,35953,98,13.5,59319,716,53,22,2.37,7.42,339.36
CR0952,Creator_0952,TikTok,Gaming,India,6877,677,30.0,12251,405,38,16,6.71,11.25,50.0
CR0953,Creator_0953,Instagram,Food,India,54160,642,7.4,28933,2689,129,84,3.99,-1.12,249.2
CR0954,Creator_0954,Facebook,Beauty,France,61173,789,4.0,45793,1993,83,55,4.08,7.37,225.45
CR0955,Creator_0955,YouTube,Lifestyle,India,22076,624,18.0,22782,1090,78,56,5.18,5.34,117.38
CR0956,Creator_0956,YouTube,Tech,USA,22134,544,15.2,33924,734,26,8,2.87,1.73,155.61
CR0957,Creator_0957,YouTube,Comedy,Germany,10643,791,16.2,21614,136,11,3,1.62,12.09,113.38
CR0958,Creator_0958,Instagram,Education,Australia,5724,957,20.3,6151,401,32,22,7.81,6.32,50.0
CR0959,Creator_0959,Instagram,Fitness,India,189625,640,8.7,217765,15497,444,189,8.02,5.28,1061.24
CR0960,Creator_0960,TikTok,Education,India,9948,349,27.4,9330,485,11,7,5.2,7.09,50.0
CR0961,Creator_0961,Instagram,Fashion,India,163238,208,13.6,152575,8084,663,246,5.35,-0.55,874.41
CR0962,Creator_0962,TikTok,Lifestyle,Canada,10012,114,4.7,23954,657,32,46,7.57,1.13,122.13
CR0963,Creator_0963,Instagram,Fashion,USA,49215,636,22.5,85361,2534,72,161,5.14,4.34,176.98
CR0964,Creator_0964,YouTube,Food,India,7270,27,19.7,5288,289,27,3,3.88,6.61,50.0
CR0965,Creator_0965,Instagram,Lifestyle,Brazil,49114,86,10.2,94137,2502,128,112,4.89,9.96,372.38
CR0966,Creator_0966,YouTube,Lifestyle,USA,18500,515,19.0,35450,1006,66,29,7.86,2.4,105.16
CR0967,Creator_0967,TikTok,Fashion,India,18781,210,7.4,33798,950,41,52,4.92,1.6,75.94
CR0968,Creator_0968,Instagram,Gaming,USA,54259,385,13.9,37054,2207,182,133,3.33,7.25,240.19
CR0969,Creator_0969,YouTube,Fashion,Canada,15685,787,27.1,19712,782,39,55,5.12,5.02,80.77
CR0970,Creator_0970,YouTube,Education,India,5206,540,4.9,3249,350,40,15,6.24,-1.22,50.0
CR0971,Creator_0971,TikTok,Gaming,India,64569,136,12.2,136557,3799,343,302,5.98,2.29,474.96
CR0972,Creator_0972,Facebook,Education,UAE,7202,286,24.8,12789,504,16,39,6.02,4.86,74.28
CR0973,Creator_0973,TikTok,Food,USA,48727,630,29.1,71391,1753,108,125,2.98,4.96,164.56
CR0974,Creator_0974,Instagram,Fitness,USA,82367,504,14.2,92278,4065,237,204,6.49,5.81,250.12
CR0975,Creator_0975,Instagram,Travel,USA,17468,528,15.7,13745,774,56,29,4.86,0.95,70.21
CR0976,Creator_0976,Instagram,Gaming,India,104789,317,17.6,65340,2996,312,106,3.23,5.04,692.73
CR0977,Creator_0977,TikTok,Food,India,46819,928,28.0,114023,2709,212,29,6.48,8.81,171.54
CR0978,Creator_0978,Instagram,Comedy,USA,12085,183,25.9,9900,333,8,9,3.8,-4.61,87.5
CR0979,Creator_0979,YouTube,Food,India,134812,395,5.9,70875,2056,175,124,1.34,4.51,480.85
CR0980,Creator_0980,TikTok,Fashion,India,7237,672,13.7,17509,126,5,6,2.6,-0.32,79.52
CR0981,Creator_0981,YouTube,Fashion,Singapore,17444,287,14.5,27087,742,72,55,4.4,5.39,132.32
CR0982,Creator_0982,TikTok,Travel,Brazil,21220,568,23.9,43988,1348,116,18,6.07,0.23,181.8
CR0983,Creator_0983,Instagram,Food,UAE,53960,93,18.5,26543,1211,61,25,2.9,5.97,314.91
CR0984,Creator_0984,Instagram,Beauty,Singapore,97027,527,20.0,154329,4944,243,322,4.27,11.19,740.17
CR0985,Creator_0985,TikTok,Fitness,India,90283,92,29.9,111611,2207,220,77,2.12,2.07,791.89
CR0986,Creator_0986,YouTube,Fashion,Brazil,34797,327,3.2,70329,2258,222,41,6.96,2.58,190.85
CR0987,Creator_0987,TikTok,Travel,India,19490,218,7.5,9368,1499,82,119,8.58,3.86,50.0
CR0988,Creator_0988,YouTube,Fitness,Brazil,3294,149,12.8,4096,217,10,14,8.34,6.62,50.0
CR0989,Creator_0989,Instagram,Food,Brazil,5935,777,11.1,12333,446,33,17,6.92,1.93,51.83
CR0990,Creator_0990,X,Food,Australia,205182,843,1.6,307293,10022,208,677,6.7,4.17,1518.87
CR0991,Creator_0991,X,Lifestyle,Brazil,3256,591,3.7,5063,17,5,2,0.5,3.16,50.0
CR0992,Creator_0992,TikTok,Travel,UK,10914,810,20.7,6592,654,21,42,5.19,3.87,50.0
CR0993,Creator_0993,Instagram,Fashion,India,100337,634,26.5,68017,2929,112,196,3.71,6.66,603.62
CR0994,Creator_0994,TikTok,Beauty,USA,34240,827,15.9,62374,2699,192,42,6.74,7.43,88.01
CR0995,Creator_0995,YouTube,Food,UK,78217,851,16.6,142167,262,31,14,0.5,0.33,698.2
CR0996,Creator_0996,Instagram,Beauty,India,50224,506,8.4,123356,3139,267,32,5.22,6.64,509.15
CR0997,Creator_0997,Facebook,Food,UK,145804,872,23.3,276313,4552,118,59,4.33,16.51,1303.71
CR0998,Creator_0998,Instagram,Fashion,Brazil,37787,170,22.8,54255,2846,206,208,7.26,10.9,237.92
CR0999,Creator_0999,Facebook,Fitness,India,57697,688,18.1,126955,3789,263,177,8.21,3.25,481.99
CR1000,Creator_1000,YouTube,Tech,UAE,11697,225,7.2,7245,371,12,22,2.76,5.96,73.31
